seller,seller_city,average_review
ff314f,sao paulo,5.0
feb793,sao paulo,5.0
fe19dc,uberaba,5.0
fdf736,pocos de caldas,5.0
fd435f,joao pessoa,5.0
fd312b,votorantim,5.0
fc9088,sao paulo,5.0
fc4751,londrina,5.0
fc0b21,maua,5.0
fb503a,pelotas,5.0
fa5fdc,santo andre,5.0
f9bbdd,sao paulo,5.0
f90f77,londrina,5.0
f8f35a,campanha,5.0
f8e2c1,ribeirao preto,5.0
f8d5c7,sao paulo,5.0
f5b846,sao paulo,5.0
f410c8,caxias do sul,5.0
f3975e,pinhalzinho,5.0
f3862c,ribeirao preto,5.0
f3511c,curitiba,5.0
f30793,araxa,5.0
f3041c,itauna,5.0
f26d70,presidente getulio,5.0
f1fdf2,sao paulo,5.0
ee27a8,goiania,5.0
ede297,curitiba,5.0
edd066,brasilia,5.0
edb58a,piracicaba,5.0
ec9332,sao paulo,5.0
ec8463,florianopolis,5.0
ebd141,londrina,5.0
eb9267,recife,5.0
eb1bf3,diadema,5.0
eaf6d5,sao paulo,5.0
eae9af,sao paulo,5.0
eaaa46,messias targino,5.0
ea846a,aracatuba,5.0
e9c2dc,joinville,5.0
e9874a,rolandia,5.0
e94b64,itapecerica da serra,5.0
e8ff5a,blumenau,5.0
e88f7a,votuporanga,5.0
e82de6,ibitinga,5.0
e76ecc,belo horizonte,5.0
e73bf2,chapeco,5.0
e73232,blumenau,5.0
e72b4f,sao paulo,5.0
e64ddb,sao paulo,5.0
e5def4,amparo,5.0
e59e57,nova iguacu,5.0
e59580,navegantes,5.0
e560e4,belo horizonte,5.0
e5545d,marilia,5.0
e439f7,joinville,5.0
e1c76f,sao paulo,5.0
e1bed6,mogi guacu,5.0
e0b162,pelotas,5.0
e0a3c3,camboriu,5.0
dde698,petropolis,5.0
dda370,sao paulo,5.0
dd9661,campos novos,5.0
dd88d1,lajeado,5.0
dd58ee,curitiba,5.0
dd5450,joinville,5.0
dd39ad,sao paulo,5.0
dd2641,cascavel,5.0
dcb736,osvaldo cruz,5.0
db7ed6,jaguariuna,5.0
db6a4d,sao paulo,5.0
da3fed,mogi das cruzes,5.0
d9cd36,bady bassitt,5.0
d9c349,sao paulo,5.0
d93b84,sao paulo,5.0
d8bf0f,sao paulo,5.0
d8b8f2,formosa,5.0
d85efb,sao paulo,5.0
d7f1cf,belford roxo,5.0
d7827b,londrina,5.0
d63f30,sao paulo,5.0
d598f9,formosa,5.0
d52cbc,garopaba,5.0
d4f91e,guaratingueta,5.0
d3e7d3,sao jose dos pinhais,5.0
d38919,sao paulo,5.0
d36b07,itapetininga,5.0
d263fa,americana,5.0
d2572f,belo horizonte,5.0
d149de,sao paulo,5.0
cf6f6b,sao paulo,5.0
cf1313,rio de janeiro \rio de janeiro,5.0
ce4755,ribeirao preto,5.0
ce3ad9,rio de janeiro,5.0
cd233f,birigui,5.0
cb162c,barueri,5.0
cad10c,avare,5.0
cac4e0,brusque,5.0
c9d2ba,uberlandia,5.0
c963a2,angra dos reis rj,5.0
c8c1be,porto belo,5.0
c8771b,tocantins,5.0
c8665a,pitangueiras,5.0
c8143b,abadia de goias,5.0
c74f14,sao miguel do oeste,5.0
c747d5,pacatuba,5.0
c72467,fortaleza,5.0
c716e0,rio de janeiro,5.0
c52c64,tiradentes,5.0
c3fe93,curitiba,5.0
c3f566,apucarana,5.0
c3e239,sao paulo,5.0
c353f8,porto alegre,5.0
c3251e,porto ferreira,5.0
c18309,rio de janeiro,5.0
c0f3ee,sao paulo,5.0
c0e0b7,laurentino,5.0
c09229,paracambi,5.0
c04d70,niteroi,5.0
c03121,curitiba,5.0
c00396,campo magro,5.0
be7a09,toledo,5.0
be67f7,ibirite,5.0
bdf0d0,birigui,5.0
bd43e1,sao bento do sul,5.0
bbf4a8,curitiba,5.0
bbe87d,sao joao da boa vista,5.0
bba8d0,goiania,5.0
bb7ad8,floranopolis,5.0
bb5d95,rio de janeiro,5.0
baf151,sao paulo,5.0
baeda7,americana,5.0
bac44f,sao paulo,5.0
babcc0,porto ferreira,5.0
bab0a8,rio de janeiro,5.0
ba8e85,santa catarina,5.0
ba8979,sao paulo,5.0
b9ec22,brasilia,5.0
b9de03,sao paulo,5.0
b9c0ff,sao paulo,5.0
b76f4d,hortolandia,5.0
b5f49f,curitiba,5.0
b5dd71,ribeirao preto,5.0
b5d034,itapecerica da serra,5.0
b5bb2b,venancio aires,5.0
b5b800,sao paulo,5.0
b3e2fa,ribeirao preto,5.0
b2f4d6,armacao dos buzios,5.0
b2eecf,sao paulo,5.0
b1fecf,campo grande,5.0
b19c48,sao paulo,5.0
b02664,rio de janeiro,5.0
b00af2,salvador,5.0
aec998,colombo,5.0
ae9690,sao paulo,5.0
ae45ad,franca,5.0
adbe70,maua,5.0
ad1461,tubarao,5.0
ab27bb,tatui,5.0
aae595,belo horizonte,5.0
aa8af6,betim,5.0
a9b533,rio de janeiro,5.0
a9ae44,santo andre,5.0
a99504,batatais,5.0
a9415c,prados,5.0
a81466,sao ludgero,5.0
a7ecf6,vila velha,5.0
a70e90,mandaguari,5.0
a69aa2,carapicuiba,5.0
a663d9,sao paulo,5.0
a64e44,sao paulo,5.0
a61cc0,jarinu,5.0
a56a80,joinville,5.0
a45314,mirassol,5.0
a3fa18,são paulo,5.0
a3b42d,orlandia,5.0
a3b0df,sao bernardo do capo,5.0
a353b1,cariacica,5.0
a2b911,barra mansa,5.0
a213f1,maringa,5.0
a20d80,sao jose dos campos,5.0
a11a0e,indaiatuba,5.0
a1040e,jundiai,5.0
a08692,sao paulo,5.0
9fe7c6,sao paulo,5.0
9fbd56,sao paulo,5.0
9e94fa,sao carlos,5.0
9dd459,sao paulo,5.0
9d69ba,ribeirao preto,5.0
9d213f,ibitinga,5.0
9c1c0c,praia grande,5.0
9b76ad,boituva,5.0
9b1f65,santos,5.0
9b00ca,janauba,5.0
9ac755,sao paulo,5.0
99a25c,sao paulo,5.0
98dddb,sarandi,5.0
97e50a,sao paulo,5.0
979e9f,sao paulo,5.0
964ff6,sao paulo,5.0
95cca7,palotina,5.0
94d76e,sao roque,5.0
94ca16,clementina,5.0
93bef6,sao paulo,5.0
934ed5,curitiba,5.0
929f34,londrina,5.0
918717,sao paulo,5.0
9140ef,maringa,5.0
910a92,sao jose do rio preto,5.0
90b570,curitiba,5.0
8fd3b4,sao jose do rio preto,5.0
8fb67a,toledo,5.0
8ec76b,criciuma,5.0
8def3d,rio de janeiro,5.0
8de8fe,sao paulo,5.0
8dd386,paulo lopes,5.0
8c9348,carapicuiba,5.0
8c91bf,horizontina,5.0
8c351e,praia grande,5.0
8b181e,goioere,5.0
8a207b,jaci,5.0
8a1ff5,sao  jose dos pinhais,5.0
897572,sao paulo,5.0
8936ba,sao paulo,5.0
880ce4,belo horizont,5.0
87d736,nhandeara,5.0
87b442,guaimbe,5.0
850857,cascavel,5.0
84deb8,curitiba,5.0
83f2b4,ribeirao preto,5.0
83d458,vila velha,5.0
83c8aa,francisco beltrao,5.0
83c465,sao carlos,5.0
83a75e,amparo,5.0
829219,sao paulo,5.0
804287,maringa,5.0
800214,jaragua do sul,5.0
7f5e4d,jacarei / sao paulo,5.0
7dc9a3,dores de campos,5.0
7cf4ea,sao paulo,5.0
7cb946,sete lagoas,5.0
7c4402,sao caetano do sul,5.0
7bb8fa,bauru,5.0
7b3447,sao paulo,5.0
7ad413,rio bonito,5.0
7ab0dd,sao jose do rio preto,5.0
7a704e,francisco beltrao,5.0
79b93a,rio de janeiro,5.0
7994b0,cariacica / es,5.0
7963e5,sao paulo,5.0
788136,bento goncalves,5.0
77128d,sao paulo,5.0
768332,birigui,5.0
762faf,itu,5.0
761681,sao paulo,5.0
75fdd0,maua,5.0
75745e,brasilia,5.0
751e27,campinas,5.0
74871d,sao paulo,5.0
740205,caxias do sul,5.0
73da18,sao carlos,5.0
734def,araras,5.0
72c73b,sao paulo,5.0
72431a,rio das pedras,5.0
7238f8,santana de parnaiba,5.0
720e6c,mogi das cruzes / sp,5.0
71dc18,curitiba,5.0
7178e1,tatui,5.0
70f7e8,sao paulo,5.0
70c4ee,sao paulo,5.0
70c0fd,caruaru,5.0
702835,juiz de fora,5.0
70126e,barueri,5.0
6f835f,curitiba,5.0
6ebf4e,rio de janeiro,5.0
6c9875,brotas,5.0
6c77cd,marilia,5.0
6c6cc5,santa maria,5.0
6c17ba,franca,5.0
6b1c4d,porto alegre,5.0
6a3139,sao sebastiao da grama/sp,5.0
69b5ea,birigui,5.0
698624,sao paulo,5.0
695051,osasco,5.0
686886,pedreira,5.0
674207,sorocaba,5.0
668bf3,pinhais,5.0
666658,sao paulo,5.0
6624bc,belo horizonte,5.0
661ad5,balneario camboriu,5.0
6561d6,franco da rocha,5.0
6548c2,diadema,5.0
64cc80,curitiba,5.0
64c9a1,curitiba,5.0
632723,sao paulo,5.0
63191e,jundiai,5.0
623590,treze tilias,5.0
615c34,rio de janeiro,5.0
6025c7,pinhais/pr,5.0
5f5a58,ribeirao preto,5.0
5f57db,viana,5.0
5e25c6,chapeco,5.0
5e106d,santa terezinha de itaipu,5.0
5e063e,sao paulo,5.0
5de1c8,florianopolis,5.0
5db42a,vitoria,5.0
5d9f37,sao paulo,5.0
5d505d,birigui,5.0
5bba18,itajobi,5.0
5a9b3b,salto,5.0
5a4236,sao paulo,5.0
59de1d,curitiba,5.0
59bbc8,campinas,5.0
5996cd,presidente prudente,5.0
58c851,rio claro,5.0
585175,montes claros,5.0
57a834,santa rosa,5.0
5741dc,sao jose dos campos,5.0
5733d8,chapeco,5.0
572108,sao paulo,5.0
570d45,sao paulo,5.0
558713,sao paulo,5.0
544863,serra,5.0
53b030,indaiatuba,5.0
53336f,sao paulo,5.0
53088c,triunfo,5.0
530569,penapolis,5.0
52b53f,itajai,5.0
528ce3,sao roque,5.0
51e055,belo horizonte,5.0
50bf89,jaci,5.0
50a7e5,sao caetano do sul,5.0
4fe2f6,maringa,5.0
4fae87,ronda alta,5.0
4f1f1c,belo horizonte,5.0
4f0d63,taboao da serra,5.0
4e9234,cachoeirinha,5.0
4e480b,tres coracoes,5.0
4ddeb3,sao paulo,5.0
4dc2e8,itapui,5.0
4dab98,porto alegre,5.0
4d9fea,sao paulo,5.0
4d8809,embu das artes,5.0
4cc4fd,toledo,5.0
4be9ae,divinopolis,5.0
4bde61,carazinho,5.0
4aba6a,canoinhas,5.0
4a82c4,lagoa da prata,5.0
4a5b36,sao goncalo,5.0
49f8d2,sao bernardo do campo,5.0
497709,diadema,5.0
4965a7,sorocaba,5.0
48efc9,curitiba,5.0
48e5ee,oliveira,5.0
48b6c3,osvaldo cruz,5.0
483ca6,mogi mirim,5.0
47f557,dores de campos,5.0
466222,rio de janeiro,5.0
45a3d0,guarulhos,5.0
458d86,porto alegre,5.0
447d37,carazinho,5.0
44717f,santa rosa,5.0
4450bd,cotia,5.0
43753b,barro alto,5.0
436bf2,campinas,5.0
422be4,ibitinga,5.0
41e0fa,guaruja,5.0
41c2ba,natal,5.0
41958c,sao paulo,5.0
417a1e,imigrante,5.0
4125d9,santos,5.0
40ec8a,francisco beltrao,5.0
404e1b,juiz de fora,5.0
404951,belo horizonte,5.0
3f84fe,fazenda rio grande,5.0
3e51f9,sao paulo,5.0
3e46a3,sorocaba,5.0
3e35a8,sao paulo,5.0
3ded4e,pouso alegre,5.0
3d68c6,nova trento,5.0
3d2400,sao bernardo do campo,5.0
3c88ed,cosmopolis,5.0
3bfba5,londrina,5.0
3b18f9,santo andre,5.0
3ac588,limeira,5.0
39a500,barretos,5.0
398cb2,salvador,5.0
3986c0,curitiba,5.0
392f7f,rio de janeiro,5.0
38f276,marilia,5.0
389e45,sao jose dos campos,5.0
377bc1,sao jose dos pinhais,5.0
35281d,sao paulo,5.0
344203,sao paulo,5.0
33ab10,rio de janeiro,5.0
334cab,santo andre,5.0
333c42,vargem grande do sul,5.0
32f83f,uruguaiana,5.0
32e563,rio de janeiro,5.0
329666,catanduva,5.0
3289d8,praia grande,5.0
31e60b,goiania,5.0
2fa13c,sao paulo,5.0
2f3d8b,sao jose,5.0
2f1e7b,blumenau,5.0
2ef086,jaragua do sul,5.0
2d8cfb,osasco,5.0
2d378d,sao francisco do sul,5.0
2d3463,sao paulo,5.0
2d20f1,londrina,5.0
2c9005,cachoeiro de itapemirim,5.0
2c5387,castro pires,5.0
2c00c8,belo horizonte,5.0
2bdb95,sao paulo,5.0
2bd05d,belo horizonte,5.0
2b402d,irece,5.0
2b2fed,juiz de fora,5.0
2addf0,brasilia,5.0
2a73cb,sao caetano do sul,5.0
29c322,santa maria,5.0
297d5e,curitiba,5.0
296729,curitiba,5.0
293dee,brasilia,5.0
28c7d8,itaporanga,5.0
28a26e,belo horizonte,5.0
28872d,caxias do sul,5.0
270572,maua,5.0
26e2e5,sao paulo,5.0
26b482,santa barbara d´oeste,5.0
269c5f,guarulhos,5.0
265fdc,jaci,5.0
26562f,sao bernardo do campo,5.0
258447,cianorte,5.0
24c1de,serra redonda,5.0
247587,sao jose do rio preto,5.0
23ca5f,sao paulo,5.0
228e4c,bandeirantes,5.0
2235cf,sao paulo,5.0
20a7ef,laguna,5.0
2075d8,curitiba,5.0
2063dd,guarapuava,5.0
204b4e,borda da mata,5.0
2039c5,guaira,5.0
1f7fd2,venancio aires,5.0
1f2eeb,sao paulo,5.0
1e47de,catanduva,5.0
1e26c5,jaguariuna,5.0
1de62b,sp,5.0
1d9530,belo horizonte,5.0
1d0646,joinville,5.0
1cd9e0,sao paulo,5.0
1cbdc7,lambari,5.0
1cbcd2,curitiba,5.0
1c8341,sao paulo,5.0
1c742a,belo horizonte,5.0
1b61fb,maringa,5.0
1b0b0f,sao paulo,5.0
1a8e2d,araquari,5.0
19e0f4,americana,5.0
19a7c9,itaipulandia,5.0
1927cd,marilia,5.0
186cdd,rio negrinho,5.0
1746c1,santana de parnaiba,5.0
173d56,sao vicente,5.0
1710c3,sao caetano do sul,5.0
1703bc,minas gerais,5.0
16bdc8,sp,5.0
166e8f,imbituba,5.0
164a5a,guaira,5.0
160851,garca,5.0
13e85a,pedreira,5.0
13dd30,santa barbara d'oeste,5.0
11fb6f,sao paulo,5.0
11d4c4,ribeirao preto,5.0
11742f,catanduva,5.0
10cdd4,santa rita do sapucai,5.0
10264f,campinas,5.0
0f9458,florianopolis,5.0
0f519b,ibitinga,5.0
0ee4fb,santana de parnaiba,5.0
0ec28c,goiania,5.0
0daf51,goiania,5.0
0cab2d,curitiba,5.0
0c7f30,ponta grossa,5.0
0bb272,sao paulo,5.0
0b46f7,belo horizonte,5.0
0b3606,jaragua do sul,5.0
0b1ca3,sao roque,5.0
0af2ab,sao paulo,5.0
0ade5c,curitiba,5.0
0ad80d,rio de janeiro,5.0
0a82f5,sao paulo,5.0
0a198e,contagem,5.0
09bad8,sao paulo,5.0
0936e1,sao paulo,5.0
08d1c9,belo horizonte,5.0
062c32,sao paulo,5.0
05ca86,barueri,5.0
05aebc,sao paulo,5.0
05a48c,sao paulo,5.0
057300,criciuma,5.0
057035,sao paulo,5.0
04ee0e,lajeado,5.0
048438,ivoti,5.0
044668,osasco,5.0
028872,ribeirao das neves,5.0
01ed25,mogi das cruzes,5.0
01266d,curitiba,5.0
00d8b1,belo horizonte,5.0
00ab3e,sao paulo,5.0
003554,goiania,5.0
ffad1e,americana,4.9
f44b6f,sao paulo,4.9
f205b1,cachoeirinha,4.9
e58a5b,rio de janeiro,4.9
d4910f,santo andre,4.9
ce20a2,sao paulo,4.9
c8e135,sao paulo,4.9
c54679,guaruja,4.9
bd149e,guarulhos,4.9
b67d6c,sao paulo,4.9
b0f2a6,curitiba,4.9
a478c7,blumenau,4.9
9d681c,curitiba,4.9
788e85,sao paulo,4.9
698957,curitiba,4.9
5c0300,sao jose,4.9
5b2e94,sao paulo,4.9
55dedd,rio de janeiro,4.9
3ea00e,curitiba,4.9
2f4b0d,sao paulo,4.9
2d5186,sao paulo,4.9
2d2322,sao paulo,4.9
1bb381,sao paulo,4.9
0bebbb,sao paulo,4.9
0951a6,taboao da serra,4.9
f9ec70,sao paulo,4.8
f4ce8c,penapolis,4.8
ef9952,uberaba,4.8
ea4e9c,palhoca,4.8
e88c9b,pato branco,4.8
e5c842,fazenda rio grande,4.8
e53d5b,toledo,4.8
e51f22,carapicuiba,4.8
e2a1ac,sao paulo,4.8
dc64d7,belo horizonte,4.8
dc50af,maringa,4.8
da6a60,sao pedro da aldeia,4.8
da03c2,sao paulo,4.8
d9bd94,sao paulo,4.8
d94ba0,apucarana,4.8
d6b664,araraquara,4.8
d4f117,sao paulo,4.8
d13e50,santo andre,4.8
cf6547,sao paulo,4.8
cac63f,sumare,4.8
ca7754,maringa,4.8
c9e5ad,porto alegre,4.8
c0098e,ribeirao preto,4.8
bbaff5,atibaia,4.8
bb2afe,sao paulo,4.8
b76a1f,santos,4.8
b4b447,sao paulo,4.8
b3b17a,londrina,4.8
b127ef,sao paulo,4.8
b08080,belo horizonte,4.8
b01c2b,venancio aires,4.8
ae45df,sao paulo,4.8
acf974,caxias do sul,4.8
ab9157,sao paulo,4.8
aac51c,sao paulo,4.8
a72c2f,flores da cunha,4.8
a5bff0,sao paulo,4.8
a37c34,sao paulo,4.8
a2b5b6,osasco,4.8
a080fc,sao paulo,4.8
a06c8f,divinopolis,4.8
9ed653,sao paulo,4.8
9dd59e,foz do iguacu,4.8
9dc79d,sao paulo,4.8
9cf787,franca,4.8
985c92,sao joao del rei,4.8
981150,ao bernardo do campo,4.8
97e995,lorena,4.8
954e95,joao monlevade,4.8
939f6e,bauru,4.8
8e3433,sao paulo,4.8
8ca5b1,maua,4.8
8b655f,osasco,4.8
8b2d4a,fazenda rio grande,4.8
8a9260,contagem,4.8
86bf77,viamao,4.8
8060d7,blumenau,4.8
7f40d0,rio claro,4.8
7b8e8e,tubarao,4.8
7ade73,bauru,4.8
77e4ab,brasilia,4.8
76c47a,ribeirao preto,4.8
75a476,caxias do sul,4.8
713e3a,curitiba,4.8
6e13dd,sao paulo,4.8
6c6e3d,maringa,4.8
6b8031,sao paulo,4.8
698f5f,rio de janeiro,4.8
606ce7,campinas,4.8
60562a,sao paulo,4.8
5f26c1,arapongas,4.8
5d76d8,sao paulo,4.8
5a6a02,americana,4.8
59cd88,praia grande,4.8
57fe62,capivari,4.8
54583a,sao bernardo do campo,4.8
52a50b,monte alegre do sul,4.8
5275ca,guarulhos,4.8
52562a,parnamirim,4.8
523660,sao paulo,4.8
4ea2f1,sao paulo,4.8
4c1c72,marilia,4.8
499ec6,sao paulo,4.8
457fe9,paulinia,4.8
4391ea,porto alegre,4.8
42fa4e,caxias do sul,4.8
4221a7,bahia,4.8
3d39fb,campinas,4.8
3cfa13,sao bernardo do campo,4.8
3be584,barueri,4.8
38af8a,sao paulo,4.8
3785b6,ampere,4.8
34a557,franca,4.8
33cbda,blumenau,4.8
30a81d,sao paulo,4.8
2fb25a,volta redonda,4.8
29e6e0,juiz de fora,4.8
257e61,apucarana,4.8
2493dc,brasilia,4.8
13f57c,santos,4.8
134a28,sao paulo,4.8
128f9b,atibaia,4.8
119d1a,pedreira,4.8
101a3a,rio claro,4.8
0ff830,caxias do sul,4.8
0b64bc,canoas,4.8
0b18d6,sp,4.8
079d29,sao paulo,4.8
0743a0,sao paulo,4.8
02f583,curitiba,4.8
02b72c,ibitinga,4.8
024b56,sao paulo,4.8
fe8055,curitiba,4.7
fcba71,limeira,4.7
fadb07,sao jose do rio preto,4.7
fac1a9,sao paulo,4.7
f4a04f,santo andre,4.7
f32600,fernandopolis,4.7
f1fd5a,curitiba,4.7
f0e103,osasco,4.7
e8a85b,brasilia,4.7
e83e93,barueri,4.7
db1f0f,pinhais,4.7
da2053,igrejinha,4.7
d90fe2,sao paulo,4.7
d566c3,sao paulo,4.7
d558eb,divinopolis,4.7
d2f3e2,atibaia,4.7
d197aa,sao jose dos campos,4.7
ce616e,cotia,4.7
cc3d14,curitiba,4.7
caa9bc,jacarei,4.7
c8cc60,sorocaba,4.7
c8660d,sao paulo,4.7
c7c7b2,braganca paulista,4.7
c70a35,sao paulo,4.7
c5ebe6,lajeado,4.7
c3aad7,auriflama/sp,4.7
c394e1,sao paulo,4.7
c2d70c,sao paulo,4.7
bc30de,pedreira,4.7
b8114f,sao bernardo do campo,4.7
b410bd,goiania,4.7
a35ef4,novo hamburgo,4.7
a00824,bofete,4.7
960945,sao paulo,4.7
89a51f,brasilia,4.7
86ff3e,palhoca,4.7
866558,arapongas,4.7
83e197,mage,4.7
82cb9f,caxias do sul,4.7
7ff588,guarulhos,4.7
7adbd3,sao paulo,4.7
79ed75,rio claro,4.7
78ef7e,santa cruz do sul,4.7
7238a9,limeira,4.7
6e1862,rio claro,4.7
6ba473,torres,4.7
6b1592,sao caetano do sul,4.7
6824a6,formiga,4.7
671585,curitiba,4.7
657969,estancia velha,4.7
626ab1,sao paulo,4.7
606115,campinas,4.7
5e49e3,balenario camboriu,4.7
5c3460,sao jose do rio preto,4.7
5bffba,nilopolis,4.7
5a93f3,monteiro lobato,4.7
56f413,sorocaba,4.7
556373,guarulhos,4.7
550295,contagem,4.7
485452,taio,4.7
478bfe,pedro leopoldo,4.7
44ed13,canoas,4.7
446cc0,sao paulo,4.7
42ef31,santo andre,4.7
41da41,domingos martins,4.7
402916,guanhaes,4.7
3f9c56,rio de janeiro,4.7
3d4b1a,sao paulo,4.7
3d49bf,montes claros,4.7
3d0cd2,joinville,4.7
3c0102,mandirituba,4.7
3bb32f,porto belo,4.7
376a89,goiania,4.7
365e4b,sao caetano do sul,4.7
33cbbe,bento goncalves,4.7
2ff6b7,londrina,4.7
2fdde5,joinville,4.7
2953ce,sao paulo,4.7
28ea41,sao paulo,4.7
26d6bb,curitiba,4.7
26785a,sao paulo,4.7
18e694,varzea paulista,4.7
184725,maua,4.7
180c33,sao paulo,4.7
0fe2d9,ourinhos,4.7
0eaa7e,santo andre,4.7
0e72c1,sao paulo,4.7
0b0ddb,guarulhos,4.7
08f581,santos,4.7
077c5f,sorocaba,4.7
02c988,americana,4.7
013900,curitiba,4.7
ff1e15,curitiba,4.6
fec627,nova friburgo,4.6
fe1b06,presidente prudente,4.6
fc38b5,campinas,4.6
fa1464,sao paulo,4.6
f92d8c,sorocaba,4.6
f7496d,sao paulo,4.6
f35b3c,sao paulo,4.6
f0837c,arvorezinha,4.6
ef3089,araraquara,4.6
ed9eef,mogi guacu,4.6
eb7280,rio claro,4.6
eb3071,sao paulo,4.6
e882b2,teresopolis,4.6
e4ebd3,presidente epitacio,4.6
e0eabd,campinas,4.6
debe66,sao paulo,4.6
ddd51a,rio de janeiro,4.6
db46ca,rio de janeiro,4.6
dace96,sao paulo,4.6
da7039,santo andre,4.6
d9a84e,sao paulo,4.6
d921b6,formiga,4.6
d66c11,rio de janeiro,4.6
d4e12e,sao paulo,4.6
d1b65f,mogi guacu,4.6
cac876,cascavel,4.6
c86403,campo largo,4.6
bd4431,rio de janeiro,4.6
bc2ac6,campinas,4.6
b4f892,caxias do sul,4.6
b49489,sao paulo,4.6
b2c970,botucatu,4.6
ac3508,canoas,4.6
a4bd6e,rio de janeiro,4.6
a3dd39,salvador,4.6
9fc702,belo horizonte,4.6
9bcdfa,blumenau,4.6
989bec,curitiba,4.6
980640,rio claro,4.6
953921,sao paulo,4.6
8fe878,paulo lopes,4.6
8fbd63,santo andre,4.6
8daab2,sao paulo,4.6
8a2d12,curitiba,4.6
7f7b82,mogi mirim,4.6
7b98de,loanda,4.6
7a9c12,sao caetano do sul,4.6
768a86,sao paulo,4.6
735422,brasilia,4.6
70f846,sete lagoas,4.6
70125a,goiania,4.6
6e386f,sao paulo,4.6
6bd503,morrinhos,4.6
679769,ipatinga,4.6
656591,santo andre,4.6
638cba,sao jose dos campos,4.6
6338ea,farroupilha,4.6
61b187,araraquara,4.6
5f3ae9,sao paulo,4.6
5b925e,sao paulo,4.6
5a413a,sao paulo,4.6
59cea8,maringa,4.6
594f9a,contagem,4.6
51e4e8,rio grande,4.6
4bcec4,santo andre,4.6
4b3955,aracaju,4.6
49383a,taubate,4.6
43f8c9,carapicuiba,4.6
3faf68,holambra,4.6
3fac58,sao paulo,4.6
3a490b,belo horizonte,4.6
392353,blumenau,4.6
34f563,campo bom,4.6
33d677,joinville,4.6
33a17d,porto alegre,4.6
31eec4,cachoeiro de itapemirim,4.6
31561f,sao paulo,4.6
2c4c47,buritama,4.6
289cdb,belo horizonte,4.6
2646ba,sao paulo,4.6
1bb2bd,sao paulo,4.6
1b4516,maringa,4.6
177129,guarulhos,4.6
1660ad,sao bernardo do campo,4.6
117cfc,sao joao de meriti,4.6
116ccb,sao bernardo do campo,4.6
10076e,batatais,4.6
0bb738,sao roque,4.6
0a85eb,jundiai,4.6
080199,osasco,4.6
06bb3a,belo horizonte,4.6
02f623,botucatu,4.6
ff4ea6,guarulhos,4.5
fe87f4,campinas,4.5
fde0cc,curitiba,4.5
fb8904,sao caetano do sul,4.5
f9eede,"rio de janeiro, rio de janeiro, brasil",4.5
f7315b,guarulhos,4.5
f4db9b,itaquaquecetuba,4.5
f26629,ponta grossa,4.5
f1ce5f,santana de parnaiba,4.5
f18173,carapicuiba,4.5
f1198c,sao paulo,4.5
eec346,bauru,4.5
ed4311,guarulhos,4.5
e9511d,bauru,4.5
e62762,sao paulo,4.5
e603cf,pelotas,4.5
e5d4b2,joinville,4.5
e5cbe8,sao paulo,4.5
e54611,sao paulo,4.5
e48b04,curitiba,4.5
e38db8,brasilia,4.5
e256a6,curitiba,4.5
e1b124,guarulhos,4.5
e04877,sao paulo,4.5
dedcab,jaragua do sul,4.5
dbd662,sao paulo,4.5
d8c7ba,floresta,4.5
d26aa4,sao paulo,4.5
d25aa0,massaranduba,4.5
d06d01,cotia,4.5
d03698,ilheus,4.5
cfd7dd,contagem,4.5
ce69a8,curitiba,4.5
cd6efc,rio de janeiro,4.5
cc5a78,divinopolis,4.5
cb0b3b,sao paulo,4.5
ca4b77,sando andre,4.5
c80253,porto alegre,4.5
c72de0,guanambi,4.5
c68fb9,jaboticabal,4.5
c66dcc,registro,4.5
c5f7e7,curitiba,4.5
c3e1ab,mogi guacu,4.5
c398bc,rio de janeiro,4.5
c35672,mesquita,4.5
c1f12f,sao paulo,4.5
c157bd,mairinque,4.5
bf9611,ribeirao preto,4.5
bede56,valinhos,4.5
bec568,sao paulo,4.5
bd4889,sao paulo,4.5
bd0a1b,sao paulo,4.5
bccf93,assis,4.5
bbf9ad,fortaleza,4.5
baa49d,sao jose,4.5
b81e3a,maua,4.5
b7e175,sao paulo,4.5
b6d447,santo andre,4.5
b34767,curitiba,4.5
b2bdc5,vargem grande do sul,4.5
b2a6d3,sao paulo,4.5
b1aaae,sao paulo,4.5
b12cfd,cascavel,4.5
b05b43,birigui,4.5
aeb36d,santo andre,4.5
ade459,umuarama,4.5
ad97a1,brusque,4.5
acce39,contagem,4.5
aba172,sao paulo,4.5
aa1eb1,sao paulo,4.5
aa17b3,jundiai,4.5
a7d0f8,sao paulo,4.5
a5cba2,campo mourao,4.5
a13aaf,joinville,4.5
a0a14e,curitiba,4.5
a066df,franca,4.5
9f5021,taubate,4.5
9de464,joinville,4.5
9d4db0,sorocaba,4.5
9c4d31,rio de janeiro,4.5
9c3c24,caxias do sul,4.5
9b522b,sao paulo,4.5
9b00ed,sao paulo,4.5
99cd94,sao paulo,4.5
999f6d,sao paulo,4.5
96e5dc,bom jardim,4.5
94b910,guarulhos,4.5
941554,sao paulo,4.5
8ed8ea,blumenau,4.5
8eb88b,cacador,4.5
8dfbc5,curitiba,4.5
8d79c8,caucaia,4.5
8bdd8e,sao paulo,4.5
88cf19,sao carlos,4.5
8602a6,sao paulo,4.5
85ecf0,sao paulo,4.5
85e7c6,itapema,4.5
84c945,sao paulo,4.5
834f32,araraquara,4.5
830379,sao paulo,4.5
81ed90,divinopolis,4.5
818569,tabao da serra,4.5
817f85,tiete,4.5
7ecd59,brasilia,4.5
7e79d6,sao caetano do sul,4.5
7c51de,picarras,4.5
7b1222,sao jose do rio preto,4.5
788f22,sao paulo,4.5
744dac,colombo,4.5
729b2d,mineiros do tiete,4.5
725c32,sao paulo,4.5
715bbd,serra negra,4.5
70b52a,sao paulo,4.5
709e16,birigui,4.5
6e864f,sao paulo,4.5
6df688,belo horizonte,4.5
6d1b9c,curitiba,4.5
6bbcb8,blumenau,4.5
6bb62a,jundiai,4.5
6bb072,cotia,4.5
6aa392,nova iguacu,4.5
67225b,marechal candido rondon,4.5
670a9d,ribeirao preto,4.5
669229,belo horizonte,4.5
65c255,sao paulo,4.5
659e84,eunapolis,4.5
643c01,joinville,4.5
63a79f,patos de minas,4.5
5f7300,canoas,4.5
5e9f5b,porto alegre,4.5
5e105f,sao jose do rio preto,4.5
5def4c,sao paulo,4.5
5bc237,uberlandia,4.5
5b0754,guarulhos,4.5
5a9c08,treze tilias,4.5
579891,rio de janeiro,4.5
56e361,guarulhos,4.5
562f8c,belo horizonte,4.5
55a5b5,sao joao del rei,4.5
533d46,itapetininga,4.5
52bb00,osasco,4.5
528bcf,sao paulo,4.5
527801,garca,4.5
516e77,rio de janeiro,4.5
5160d2,sao bernardo do campo,4.5
513a54,sao bernardo do campo,4.5
4eeb99,embu das artes,4.5
4da0e4,cornelio procopio,4.5
4d0041,juiz de fora,4.5
4c8545,fernandopolis,4.5
4bf658,sao jose do rio preto,4.5
45c20d,cordeiropolis,4.5
455c56,luiz alves,4.5
3ef37b,sao paulo,4.5
35b965,sao leopoldo,4.5
325f31,taboao da serra,4.5
2ff972,salto,4.5
2f9b7c,barueri,4.5
2e7ea2,sao paulo,4.5
2d9e89,jaci,4.5
2c5405,curitiba,4.5
2aafae,porto alegre,4.5
253c02,curitiba,4.5
24a6da,robeirao preto,4.5
21d593,itaquaquecetuba,4.5
21c62b,fortaleza,4.5
20611a,porto ferreira,4.5
2059c3,curitiba,4.5
1f8673,curitiba,4.5
1e9d5a,jaciara,4.5
1dc2de,ibitinga,4.5
1d29df,vicosa,4.5
1caf28,nova iguacu,4.5
1ca4bd,cataguases,4.5
1c4034,limeira,4.5
17908c,anapolis,4.5
1690ca,sao paulo,4.5
12b967,montenegro,4.5
119c7f,sao paulo,4.5
0ebd97,contagem,4.5
0ddefe,sao bernardo do campo,4.5
0d33a5,sao paulo,4.5
0af977,santos,4.5
08084d,sao paulo,4.5
08061d,osasco,4.5
080102,belo horizonte,4.5
05feb9,mogi das cruzes,4.5
050904,belo horizonte,4.5
0432ea,maua,4.5
034b93,blumenau,4.5
02ecc2,santo andre,4.5
010543,sao paulo,4.5
fe26f3,sao paulo,4.4
fe2032,campinas,4.4
fd386a,sao paulo,4.4
fc9062,belo horizonte,4.4
fa40cc,sao paulo,4.4
f805b9,maringa,4.4
f67efa,curitiba,4.4
f62d7b,vicosa,4.4
f615fe,atibaia,4.4
f1ed6b,porto alegre,4.4
f125f3,sao paulo,4.4
efff93,vitoria,4.4
eeb6de,lages,4.4
edb1ef,teresopolis,4.4
e9c696,sao paulo,4.4
e84ad2,sao paulo,4.4
e7f3bf,ubatuba,4.4
e49c26,brejao,4.4
e33304,ipaussu,4.4
dfc475,curitiba,4.4
df9191,sao paulo,4.4
dee656,cruzeiro,4.4
de0c78,vargem grande paulista,4.4
dbdd0e,fortaleza,4.4
d6ab72,sao paulo,4.4
d66c30,ribeirao das neves,4.4
d59498,sao paulo,4.4
d57e18,sao paulo,4.4
d23019,londrina,4.4
d1ef48,apucarana,4.4
ccf881,taubate,4.4
cce6ab,curitiba,4.4
cbf09e,sbc/sp,4.4
c794da,artur nogueira,4.4
c79151,maringa,4.4
c6bda7,sao paulo,4.4
c3cfdc,curitiba,4.4
c1ed9e,itajai,4.4
c0563d,santo andre,4.4
c00320,cajamar,4.4
bf3c6d,sao paulo,4.4
bf100e,sao jose dos pinhais,4.4
ba9096,guarulhos,4.4
ba143b,sao paulo,4.4
b8578d,blumenau,4.4
b6e150,piracicaba,4.4
b5e3e3,florianopolis,4.4
b44dbf,sao paulo,4.4
b372ee,sao jose do rio preto,4.4
b2ac62,curitiba,4.4
b16d3d,estancia velha,4.4
aced59,sao paulo,4.4
abc015,ribeirao preto,4.4
aafe36,sao jose,4.4
a63bfb,niteroi,4.4
a425f9,curitiba,4.4
a3f0b5,curitiba,4.4
a3a38f,joinville,4.4
a35124,sao paulo,4.4
a1bea7,carapicuiba / sao paulo,4.4
a1474f,pinhais,4.4
a13580,rio de janeiro,4.4
9d5a90,aparecida de goiania,4.4
9c690c,camanducaia,4.4
9ac4f1,jaragua,4.4
9a1aea,catanduva,4.4
97e4a6,rio de janeiro,4.4
916c9d,curitiba,4.4
901b46,porto alegre,4.4
8fdca8,sao paulo,4.4
8f580d,ribeirao preto,4.4
8ae520,navegantes,4.4
8a1307,sao paulo,4.4
883dd8,curitiba,4.4
87d30a,sao paulo,4.4
871421,porto alegre,4.4
8603f0,garopaba,4.4
85cc55,barra mansa,4.4
83deb6,florianopolis,4.4
83645b,santa terezinha de itaipu,4.4
80f2cf,sao jose do rio preto,4.4
808d43,sao paulo,4.4
7e26c7,belo horizonte,4.4
7d7866,sao paulo,4.4
7d294c,barra velha,4.4
7c5b05,sao paulo,4.4
7b0df9,braganca paulista,4.4
7aa538,catanduva,4.4
790164,rio de janeiro,4.4
77a515,diadema,4.4
768de2,brasilia,4.4
75fbb5,goiania,4.4
73b8eb,campinas,4.4
730937,rio claro,4.4
72bc2c,sao paulo,4.4
7299e2,araguari,4.4
715926,sao jose do rio preto,4.4
70eea0,itatiba,4.4
70849c,belo horizonte,4.4
6f83d9,pinhalao,4.4
6f229c,rio de janeiro,4.4
6edacf,guarulhos,4.4
6eb94e,jundiai,4.4
6cd68b,belo horizonte,4.4
6c7d50,presidente prudente,4.4
6b90f8,guarulhos,4.4
6b89ab,piracanjuba,4.4
6b333a,brasilia,4.4
6a3808,anapolis,4.4
65a7c0,sao paulo,4.4
643214,sao paulo,4.4
63b9ae,sao jose do rio pardo,4.4
612170,novo hamburgo,4.4
5f5b43,sao paulo,4.4
5f1dc2,sao paulo,4.4
5cf13a,patos de minas,4.4
5bc24d,campo do meio,4.4
5b8580,presidente prudente,4.4
57e632,navegantes,4.4
57df98,santa rita do sapucai,4.4
577719,nova petropolis,4.4
5670f4,sao paulo,4.4
556662,sao jose dos pinhais,4.4
53d00c,ibitinga,4.4
534a01,jundiai,4.4
520b49,santos,4.4
51702d,conchal,4.4
503c1d,sao paulo,4.4
4d232b,belo horizonte,4.4
4ba52d,mogi das cruzes,4.4
4b9750,limeira,4.4
4a1f69,pedreira,4.4
48985c,porto alegre,4.4
46ef1a,claudio,4.4
4677a5,japira,4.4
4371b6,sao paulo,4.4
42b729,sao paulo,4.4
41b86b,sao paulo,4.4
3f9be9,londrina,4.4
3ca08e,curitiba,4.4
397c4d,santo andre,4.4
381c83,curitiba,4.4
365e44,sao paulo,4.4
3586b8,araraquara,4.4
3504c0,maua,4.4
33dd94,vila velha,4.4
33a6f4,guarulhos,4.4
32fdd5,carmo do cajuru,4.4
307649,auriflama,4.4
2dee2c,sinop,4.4
2b3e4a,sao paulo,4.4
282c74,sao paulo,4.4
26bad7,pedregulho,4.4
269cff,catanduva,4.4
25e6ff,sao paulo,4.4
253f95,sao paulo,4.4
20d83f,sao paulo,4.4
1fdc57,limeira,4.4
1b7e50,sao paulo,4.4
15ead3,conselheiro lafaiete,4.4
13c2ed,ponta grossa,4.4
113e3a,aparecida,4.4
0ffa40,presidente prudente,4.4
0ed6ce,americana,4.4
08d2d6,marilia,4.4
0887a9,cananeia,4.4
06df0c,maringa,4.4
058fd0,santo andre,4.4
039b29,ribeirao pires,4.4
01bcc9,uruacu,4.4
ffdd9f,curitiba,4.3
ffc470,guarulhos,4.3
ff4e2d,sao paulo,4.3
ff063b,santo andre,4.3
febab0,pedreira,4.3
fad449,rio de janeiro,4.3
fa1c13,sumare,4.3
f9244d,sao paulo,4.3
f84fa5,indaiatuba,4.3
f680f8,carapicuiba,4.3
f5f2ab,porto ferreira,4.3
f52c24,santo andre/sao paulo,4.3
f43589,curitiba,4.3
f41ce2,guarulhos,4.3
f3c38a,sao paulo,4.3
f25e23,sao paulo,4.3
f2336e,sao paulo,4.3
f12d3c,santo andre,4.3
ef0ace,sao goncalo,4.3
ee2fba,sao paulo,4.3
ec8879,itatiba,4.3
eba880,sao paulo,4.3
ead2ba,belo horizonte,4.3
e8dba4,santa barbara d oeste,4.3
e7df4c,sao paulo,4.3
e70053,sao paulo,4.3
e63e8b,guarulhos,4.3
e5e33c,bauru,4.3
e59aa5,curitiba,4.3
e3d3b3,sao paulo,4.3
e1643d,sao paulo,4.3
e0a366,sao paulo,4.3
de66a6,rio de janeiro,4.3
de23c3,sao paulo,4.3
dd4d95,cachoeiro de itapemirim,4.3
d98eec,porto alegre,4.3
d7ab82,atibaia,4.3
d62412,curitiba,4.3
d4ffeb,atibaia,4.3
d354c3,aperibe,4.3
d1c7fa,jacutinga,4.3
ccc4bb,curitiba,4.3
ccb83a,sombrio,4.3
cb8bcc,santa rita do sapucai,4.3
cab855,sao paulo,4.3
c70c1b,hortolandia,4.3
c5f7fe,sao caetano do sul,4.3
c4af86,mogi das cruzes,4.3
c3acdf,sao paulo,4.3
c1849d,santo andre,4.3
bfd27a,serra negra,4.3
bf0038,sao paulo,4.3
bba329,sao paulo,4.3
ba6b4a,rio de janeiro,4.3
ba5daa,sao paulo,4.3
b9a034,formosa do oeste,4.3
b94cc9,macae,4.3
b8bc23,itajai,4.3
b88e7c,curitiba,4.3
b8630e,duque de caxias,4.3
b56192,sao paulo,4.3
b274ba,montenegro,4.3
b1ac6e,canoas,4.3
acadd4,santa rosa de viterbo,4.3
abcd2c,cuiaba,4.3
a90a5d,ponta grossa,4.3
a5a1bf,socorro,4.3
a56e35,itajai,4.3
a51315,sao paulo,4.3
a435b0,franca,4.3
a3082f,curitiba,4.3
9f5056,sao paulo,4.3
9baf5c,indaiatuba,4.3
994f04,jaguariuna,4.3
97512d,sao paulo,4.3
9646c3,sao jose dos campos,4.3
95ec44,limeira,4.3
941445,viamao,4.3
939e62,conselheiro lafaiete,4.3
91f848,sao paulo,4.3
918f6f,valinhos,4.3
916748,sorocaba,4.3
91543f,blumenau,4.3
8e2b3a,campinas,4.3
8c16d1,blumenau,4.3
8bb48d,assis,4.3
8a8835,sao caetano do sul,4.3
89f692,vassouras,4.3
850f4f,sao paulo,4.3
83b08d,rio de janeiro,4.3
827f8f,curitiba,4.3
81a110,sao jose dos pinhais,4.3
80e669,pinhais,4.3
7ecef8,campinas,4.3
7dc8c4,sao paulo,4.3
7d456a,mogi das cruzes,4.3
7b07b3,sao paulo,4.3
7a2d29,curitiba,4.3
78c99c,marilia,4.3
78ba59,mogi das cruzes,4.3
78a4d3,bauru,4.3
77fcca,campos dos goytacazes,4.3
778323,sao paulo,4.3
777a0c,sao paulo,4.3
76ea53,sao paulo,4.3
750303,goiania,4.3
747e73,vitoria de santo antao,4.3
7357b5,lagoa santa,4.3
729f06,limeira,4.3
72146d,marechal candido rondon,4.3
718539,campinas,4.3
700861,canoinhas,4.3
6fa920,sorocaba,4.3
6e4a90,sorocaba,4.3
6d988d,maringa,4.3
6d803c,sao joaquim da barra,4.3
6d2f2e,guarulhos,4.3
6d22a1,joinville,4.3
68f86b,rio de janeiro,4.3
6879c4,osasco,4.3
6750d7,rio bonito,4.3
670c26,maringa,4.3
65b081,morrinhos,4.3
640e21,ibitinga,4.3
612a74,curitiba,4.3
60da8b,fernando prestes,4.3
5debea,apucarana,4.3
5cbbd5,pinhais,4.3
5bf397,sao paulo,4.3
59417c,limeira,4.3
54c04b,florianopolis,4.3
54a185,santa barbara d'oeste,4.3
52092d,dois corregos,4.3
51f108,cascavel,4.3
5194c2,santa rita do sapucai,4.3
514509,curitiba,4.3
512d29,rio de janeiro,4.3
508808,sao paulo,4.3
4c498c,carapicuiba,4.3
4a23ad,sao paulo,4.3
4324dd,sao jose do rio pardo,4.3
431050,sao paulo,4.3
41c9d3,araxa,4.3
412a47,campinas,4.3
411f3b,ribeirao pires,4.3
406822,tatui,4.3
3f3486,sao paulo,4.3
3dbbce,curitiba,4.3
3d290f,itapevi,4.3
385799,sao paulo,4.3
382229,rio de janeiro,4.3
37be5a,sao paulo,4.3
34d1ca,congonhas,4.3
33c519,londrina,4.3
3340ef,maringa,4.3
323ce5,sao paulo,4.3
31be79,sao bernardo do campo,4.3
31344c,uba,4.3
30a2f5,santa barbara d'oeste,4.3
2f74af,sao paulo,4.3
2f4b9d,afonso claudio,4.3
2eeb65,sao jose dos campos,4.3
2e13c7,sao paulo,4.3
2cb6eb,sabara,4.3
2b5ed0,sao paulo,4.3
2a167c,sao paulo,4.3
284058,sao paulo,4.3
282f23,belo horizonte,4.3
262237,brusque,4.3
25cf09,cotia,4.3
240b97,niteroi,4.3
23ff42,itau de minas,4.3
23c38d,votorantim,4.3
2379bd,mogi mirim,4.3
21e838,uberlandia,4.3
2199e7,registro,4.3
20a8b0,itu,4.3
1fe554,paraiba do sul,4.3
1f1bb1,sao paulo,4.3
1eade4,sao paulo,4.3
1e8b33,sao paulo,4.3
1d4587,sao paulo,4.3
1cbd32,sp / sp,4.3
1c5e4e,santos,4.3
1c56ff,sao carlos,4.3
1acde0,sao paulo,4.3
1987cd,ouro fino,4.3
17f51e,sao paulo,4.3
179d85,ribeirao pires,4.3
1782ce,taboao da serra,4.3
165b12,ribeirao preto,4.3
160e4f,colombo,4.3
15fa79,sao paulo,4.3
15cd6e,ouro preto,4.3
152ee1,garuva,4.3
14ee35,sao jose do rio preto,4.3
14d798,santo andre,4.3
12c2ed,praia grande,4.3
113052,uba,4.3
10089e,sao jose do rio preto,4.3
0ef83d,curitiba,4.3
0ea22c,sete lagoas,4.3
0e44d1,francisco morato,4.3
0df398,betim,4.3
0ac420,sao paulo,4.3
07de60,ibitinga,4.3
076174,ribeirao preto,4.3
04aba0,santo antonio de padua,4.3
03bd47,uberlandia,4.3
0249d2,sao paulo,4.3
0241d4,curitiba,4.3
01fdef,londrina,4.3
01fd07,ribeirao preto / sao paulo,4.3
00ee68,sao paulo,4.3
ffeee6,mirassol,4.2
fbc14c,serrana,4.2
fac35d,bonfinopolis de minas,4.2
f8db35,salto,4.2
f7ba60,sao bernardo do campo,4.2
f789d2,juiz de fora,4.2
f7720c,curitiba,4.2
f5a590,sao bernardo do campo,4.2
f0b47f,maua,4.2
f021c9,itajai,4.2
efcd8d,aracatuba,4.2
e97799,praia grande,4.2
e8b422,novo horizonte,4.2
e5f9e6,brusque,4.2
e3a386,engenheiro coelho,4.2
e24fc9,braganca paulista,4.2
df47da,sao paulo,4.2
de722c,recife,4.2
dbc221,borda da mata,4.2
dbbcfe,curitiba,4.2
dbb9b4,sao paulo,4.2
d9e8c0,sao paulo,4.2
d94420,sao paulo,4.2
d93844,curitiba,4.2
d6b1ce,salto,4.2
d650b6,cotia,4.2
d51e0a,pompeia,4.2
d50d79,sao paulo,4.2
d4e4b5,toledo,4.2
d1b9d4,nova lima,4.2
d0d70d,sao bento,4.2
cea729,sao paulo,4.2
ce248b,jaragua do sul,4.2
cd3d09,nova odessa,4.2
cb3dd9,sao paulo,4.2
c9c790,itapecerica da serra,4.2
c87851,itaipulandia,4.2
c847e0,uberaba,4.2
c84592,sao paulo,4.2
c7a0a1,laurentino,4.2
c33a5c,criciuma,4.2
c113b8,sao paulo,4.2
c013e5,sao carlos,4.2
bd697d,sao paulo,4.2
bd0389,brasilia,4.2
bc07d8,mogi das cruzes,4.2
bb7a14,rio de janeiro,4.2
bb5bd9,sao paulo,4.2
ba6b68,belo horizonte,4.2
b9ca8e,sao paulo,4.2
b83ced,sao paulo,4.2
b7cc6c,curitibanos,4.2
b74d1c,rio de janeiro,4.2
b55638,imbituba,4.2
b3f195,tanabi,4.2
b33e7c,pradopolis,4.2
b1a812,carazinho,4.2
afe006,lagoa da prata,4.2
ad420d,fronteira,4.2
ab9db4,paraiso do sul,4.2
a7c882,mogi das cruzes,4.2
a416b6,sao paulo,4.2
a2fa0b,florianopolis,4.2
a1043b,ilicinea,4.2
9dda5b,santa rita do sapucai,4.2
9d4898,leme,4.2
9add47,fazenda rio grande,4.2
961635,umuarama,4.2
900ba8,salto,4.2
8fb791,sao paulo,4.2
8f119a,barueri,4.2
8d956f,sao bernardo do campo,4.2
8cc6a0,andradas,4.2
8c5e00,indaiatuba,4.2
8bd0f3,sao paulo,4.2
8b8cfc,londrina,4.2
8ab42a,goiania,4.2
8a432f,presidente prudente,4.2
89ad32,sao paulo,4.2
85d9eb,belo horizonte,4.2
858105,guarulhos,4.2
851773,lencois paulista,4.2
809413,sao paulo,4.2
809049,sao paulo - sp,4.2
7e93a4,barueri,4.2
7df1fc,campo grande,4.2
7b7ed5,goiania,4.2
7a67c8,sao paulo,4.2
78744a,recife,4.2
7722b1,sao bernardo do campo,4.2
723cd8,ibitinga,4.2
70c278,rio de janeiro,4.2
6ddc28,sao paulo,4.2
686015,capivari,4.2
65febd,sao paulo,4.2
655220,diadema,4.2
6426d2,ribeirao preto,4.2
624f4e,sao paulo,4.2
620c87,petropolis,4.2
5f0057,sao paulo,4.2
5eeb9c,ribeirao preto,4.2
5d9dc9,santana de parnaiba,4.2
5b8154,sao jose dos campos,4.2
5a8e7d,campinas,4.2
5a425c,londrina,4.2
59fb87,sao paulo,4.2
58f1a6,conselheiro lafaiete,4.2
588282,caxias do sul,4.2
57c764,ribeirao preto,4.2
562fc2,campinas,4.2
542917,curitiba,4.2
537eb8,rio de janeiro,4.2
530ec6,cascavel,4.2
52f9db,echapora,4.2
515d78,campo grande,4.2
4e0606,betim,4.2
4d6d65,jau,4.2
4bfc7a,sao paulo,4.2
4bf2f4,assis,4.2
4be6b9,sao carlos,4.2
4917ce,blumenau,4.2
48e954,porto alegre,4.2
4736e9,piracicaba,4.2
46dc3b,rio de janeiro,4.2
432c37,brasilia,4.2
42bde9,brasilia,4.2
4200dd,sao bernardo do campo,4.2
41ab63,belo horizonte,4.2
4170f6,brasilia df,4.2
3f995f,itapecerica da serra,4.2
3e8bd8,rio de janeiro,4.2
3db66a,ponte nova,4.2
3d5d0d,rio de janeiro,4.2
3d2531,contagem,4.2
3a734b,osasco,4.2
3a3e46,sao paulo,4.2
39d61b,sao paulo,4.2
392e05,cerqueira cesar,4.2
36890b,osasco,4.2
33ac3e,cotia,4.2
336127,maringa,4.2
32b876,lages,4.2
31da95,araras,4.2
307809,scao jose do rio pardo,4.2
2e1c9f,sao paulo,4.2
2dcf93,sao jose dos campos,4.2
2bf6a2,nova friburgo,4.2
2be17d,tubarao,4.2
2a8485,belo horizonte,4.2
26d8a1,apucarana,4.2
26af45,curitiba,4.2
259f7b,poa,4.2
226b05,curitiba,4.2
1d5037,sao paulo,4.2
1c1290,sao paulo,4.2
1b938a,penapolis,4.2
1a3df4,joinville,4.2
1838dd,belo horizonte,4.2
17a053,mogi guacu,4.2
1554a6,monte siao,4.2
1464af,nova friburgo,4.2
141440,pitanga,4.2
13d058,osasco,4.2
128639,maringa,4.2
0db783,santos,4.2
0d85bb,uberlandia,4.2
0bae85,itajai,4.2
0885aa,ferraz de vasconcelos,4.2
08633c,ribeirao pires,4.2
06532f,paincandu,4.2
05ff92,santo angelo,4.2
048c27,franca,4.2
01cf7e,francisco beltrao,4.2
ff1fb4,mogi das cruzes,4.1
fe49ee,osasco,4.1
fdb909,sao paulo,4.1
fa3a0b,sao jose dos pinhais,4.1
f8201c,palhoca,4.1
f80edd,sao paulo,4.1
f626e1,marechal candido rondon,4.1
f3b803,brasilia,4.1
f27e33,sao paulo,4.1
f262cb,sao paulo,4.1
f00e21,andradas,4.1
ececbf,franca,4.1
ebd2d6,lencois paulista,4.1
ea6b12,guarulhos,4.1
ea00f9,santos,4.1
e5475d,diadema,4.1
e45edf,rio de janeiro,4.1
e2c92f,sao jose do rio preto,4.1
e26901,maua,4.1
e24d34,sao paulo,4.1
e067ad,santos,4.1
dfc5fb,sao bernardo do campo,4.1
df0f42,itajai,4.1
dc317f,cachoeirinha,4.1
db4350,sao paulo,4.1
daeb56,belo horizonte,4.1
da8622,piracicaba,4.1
d94a40,baependi,4.1
d91fb3,praia grande,4.1
d3674f,brasilia,4.1
d1582f,sao paulo,4.1
d12c92,sao paulo,4.1
cfe944,sao paulo,4.1
ceaec5,sao paulo,4.1
ce7d18,baependi,4.1
cc419e,santo andre,4.1
cbd996,sao jose do rio preto,4.1
c84679,pocos de caldas,4.1
c62185,contagem,4.1
c5e60e,sao paulo,4.1
bce6a5,guarulhos,4.1
bacb1f,jacarei,4.1
b92e3c,uba,4.1
b90e89,sao jose dos pinhais,4.1
b85553,sao bernardo do campo,4.1
b76dba,sao paulo,4.1
b64d51,garulhos,4.1
b499c0,limeira,4.1
b32be1,caxias do sul,4.1
b2ba37,sao paulo,4.1
afa671,descalvado,4.1
ae8bfd,toledo,4.1
adbc26,curitiba,4.1
abbf60,xanxere,4.1
aaed13,timbo,4.1
aae5e7,sao jose dos pinhas,4.1
a888fa,umuarama,4.1
a44fb5,porto alegre,4.1
a369d6,sao jose do rio preto,4.1
a254c6,cafelandia,4.1
a17f62,sorocaba,4.1
9c068d,coxim,4.1
9906e7,maringa,4.1
974cf2,araraquara,4.1
955fee,sao paulo,4.1
951e8c,ibitinga,4.1
93b9a9,mairipora,4.1
9140bd,amparo,4.1
8f2ce0,pirituba,4.1
8cbac7,jaragua do sul,4.1
8b9d6e,mesquita,4.1
870d01,pocos de caldas,4.1
8629c2,ribeirao preto,4.1
847624,campo bom,4.1
822bad,balneario camboriu,4.1
820cc7,maringa,4.1
817245,bauru,4.1
7ea5bf,belo horizonte,4.1
7e3f87,sao paulo,4.1
7e1fb0,franca,4.1
7d7d2b,ibitinga,4.1
7c4618,sao roque,4.1
7aa433,laranjal paulista,4.1
7a425d,rio de janeiro,4.1
77530e,curitiba,4.1
76d64c,curitiba,4.1
76d5af,sao paulo,4.1
7681ef,guarulhos,4.1
72c5da,guarulhos,4.1
7139dc,amparo,4.1
70bf57,franco da rocha,4.1
6ec1a0,santos,4.1
6e0908,rio de janeiro,4.1
6c12e4,castro,4.1
6a8b08,bebedouro,4.1
6a0cbc,batatais,4.1
67883b,sao paulo,4.1
669ae8,rio do sul,4.1
6481e9,sorocaba,4.1
5d0363,atibaia,4.1
5c6d40,sao paulo,4.1
5c2436,sao paulo,4.1
5b33b5,paranavai,4.1
582d4f,bertioga,4.1
575df7,sao jose do rio preto,4.1
532435,lauro de freitas,4.1
52a52b,sao carlos,4.1
4e7c18,jaboticabal,4.1
4e17c6,suzano,4.1
4de6e4,colombo,4.1
4c03b9,campo limpo paulista,4.1
4b5f66,vendas@creditparts.com.br,4.1
4869f7,guariba,4.1
4830e4,sao paulo,4.1
47efca,teresina,4.1
455969,presidente prudente,4.1
41b39e,santo andre,4.1
41b147,santo andre,4.1
406740,vitoria,4.1
3d871d,campo limpo paulista,4.1
3ade81,sao jose do rio preto,4.1
3985a3,rolante,4.1
396892,bauru,4.1
375156,dracena,4.1
33576e,curitiba,4.1
2d2c62,ribeirao preto,4.1
2b03ac,sao paulo,4.1
2a7dc4,sao paulo,4.1
2a5b78,formiga,4.1
27a56f,campinas,4.1
271c58,sao paulo,4.1
25e473,praia grande,4.1
236585,caxias do sul,4.1
232a60,cafelandia,4.1
218d46,ribeirao preto,4.1
1f9ab4,tupa,4.1
1e483c,sao paulo,4.1
1da3ae,sao paulo,4.1
1b8356,sao paulo,4.1
1b4c3a,sao ludgero,4.1
17e34d,riberao preto,4.1
15aac9,muqui,4.1
13fa2a,sao paulo,4.1
1127b7,campinas,4.1
112453,sao paulo,4.1
094ced,ribeirao preto,4.1
081acf,vespasiano,4.1
07017d,joao pessoa,4.1
05f51e,belo horizonte,4.1
05e107,sao paulo - sp,4.1
056b4a,queimados,4.1
03a2a6,maua,4.1
01c97e,catanduva,4.1
004c9c,ibitinga,4.1
fedaed,niteroi,4.0
fe9d9c,barbacena/ minas gerais,4.0
fe701d,marica,4.0
fe4cd9,caratinga,4.0
fa8d33,tres coroas,4.0
fa1a9d,icara,4.0
f9a02f,ferraz de vasconcelos,4.0
f783a6,sao paulo,4.0
f61c63,pilar do sul,4.0
f5f463,rio do sul,4.0
f5b448,sorocaba,4.0
f41967,sao bernardo do campo,4.0
f35bec,alvares machado,4.0
f22a24,itaquaquecetuba,4.0
f214d2,sao paulo,4.0
f18112,brusque,4.0
f0ec78,sao paulo,4.0
f09b76,catanduva,4.0
f00f5b,sao paulo,4.0
efb628,nova iguacu,4.0
ef728f,jau,4.0
edf3fa,sao paulo,4.0
ed8590,londrina,4.0
ed46f1,indaial,4.0
ec80e4,limeira,4.0
ea8482,sao paulo,4.0
ea3ebe,florianopolis,4.0
e9b6c3,sao paulo,4.0
e908c0,sao paulo,4.0
e64882,goiania,4.0
e5a381,sao paulo,4.0
e58996,sao carlos,4.0
e503f2,sao paulo,4.0
e433f5,arapongas,4.0
e116c7,sao paulo,4.0
e06f09,sao paulo,4.0
e0482f,sao paulo,4.0
e00d85,osasco,4.0
dfa0c4,florianopolis,4.0
dcf375,cachoeira do sul,4.0
dbec9a,belo horizonte,4.0
dbc51f,franca,4.0
d93919,mombuca,4.0
d7d517,sao paulo,4.0
d79e84,rio de janeiro / rio de janeiro,4.0
d673a5,ibitinga,4.0
d63c73,piracicaba,4.0
d297f1,nova odessa,4.0
d1aa1e,curitiba,4.0
d17f46,caxias do sul,4.0
d101c6,sao paulo,4.0
cd2169,nova friburgo,4.0
ccbd75,blumenau,4.0
cc80e2,curitiba,4.0
cc63f0,sao jose do rio preto,4.0
cb9fb4,sao paulo,4.0
cb810b,niteroi,4.0
cb5ff1,maringa,4.0
ca7c6b,sao bernardo do campo,4.0
c9aafc,sao paulo,4.0
c8b344,sao paulo,4.0
c8b0e2,itaquaquecetuba,4.0
c89cf7,petropolis,4.0
c84178,sao paulo,4.0
c826c4,guarulhos,4.0
c731d1,concordia,4.0
c611f4,atibaia,4.0
c510bc,indaiatuba,4.0
c4fabe,fortaleza,4.0
c43d92,rio de janeiro,4.0
c42fd8,osasco,4.0
c35aff,sao paluo,4.0
c26ba5,rio de janeiro,4.0
c240c4,rio de janeiro,4.0
c12d74,sao paulo,4.0
c026ef,rio de janeiro,4.0
bff9de,limeira,4.0
bf0045,sao paulo,4.0
bd65d1,sao paulo,4.0
bd23da,sao paulo,4.0
bd15ee,ribeirao preto,4.0
bca923,sao paulo,4.0
bc39d8,cajamar,4.0
bac692,blumenau,4.0
b906dd,parana,4.0
b8a0ad,ibitinga,4.0
b839e4,sao caetano do sul,4.0
b6f52e,sao paulo,4.0
b5f071,sao paulo,4.0
b56906,echapora,4.0
b4ffb7,sao paulo,4.0
b452cb,sorocaba,4.0
b3809b,sao paulo,4.0
b29d33,ribeirao preto,4.0
b26741,florianopolis,4.0
b18871,sao paulo,4.0
b03985,colatina,4.0
aadfe0,goiania,4.0
a7c53f,barretos,4.0
a7b735,sao paulo,4.0
a72f15,marilia,4.0
a6fe7d,franca,4.0
a45765,sao paulo,4.0
a3e9a2,ibitinga,4.0
a36b12,ribeirao preto,4.0
a2a41a,sao paulo,4.0
a1544b,jundiai,4.0
a150c5,sorocaba,4.0
9e2519,taubate,4.0
9df575,sao leopoldo,4.0
9c5460,loanda,4.0
9c0e69,sao jose dos campos,4.0
9bc484,sao paulo,4.0
9b1ab0,pitanga,4.0
9b013e,vicente de carvalho,4.0
98f52e,macae,4.0
967475,sao paulo,4.0
96493f,sao paulo,4.0
95e03c,rio de janeiro,4.0
9596c8,varginha,4.0
9449f2,rio de janeiro,4.0
942313,porto alegre,4.0
93dc87,belo horizonte,4.0
921323,sao paulo,4.0
902c99,mogi guacu,4.0
8ea394,sorocaba,4.0
8e8a7c,sao goncalo,4.0
8e29d0,mirassol,4.0
8b321b,sao paulo,4.0
88cd36,brusque,4.0
889009,lencois paulista,4.0
876182,sao paulo,4.0
86ccac,blumenau,4.0
8648b1,jacarei,4.0
822b63,mogi guacu,4.0
820c7c,sao paulo,4.0
818d28,sao paulo,4.0
813348,jundiai,4.0
80cfd4,sao paulo,4.0
7f35f9,valinhos,4.0
7dea6f,cascavel,4.0
7d81e7,sao paulo,4.0
7d484c,campo grande,4.0
7d13fc,ribeirao preto,4.0
7c1fea,boituva,4.0
7bac63,sao paulo,4.0
79ebd9,cascavel,4.0
7957ca,curitiba,4.0
79565f,araraquara,4.0
7816cd,araraquara,4.0
777145,guarulhos,4.0
76623f,guarulhos,4.0
74636e,sao paulo,4.0
741f8c,santo andre,4.0
73a63f,curitiba,4.0
739c7d,campina grande,4.0
7315ba,sao carlos,4.0
723a46,"novo hamburgo, rio grande do sul, brasil",4.0
717b78,alambari,4.0
7178f9,videira,4.0
714254,penapolis,4.0
712efd,curitiba,4.0
700f03,barretos,4.0
6fc26f,fernandopolis,4.0
6dd7dc,palhoca,4.0
6c177e,curitiba,4.0
6b2612,marialva,4.0
6b243f,curitiba,4.0
69a438,apucarana,4.0
693660,santo andre,4.0
67bf69,curitiba,4.0
6601ee,ribeirao pretp,4.0
6562ef,maringa,4.0
6524b8,campinas,4.0
651fe6,alvorada,4.0
651530,ipira,4.0
62de60,ibitinga,4.0
6288c6,santo andre,4.0
623ad9,claudio,4.0
5fd924,sao paulo,4.0
5f0603,marilia,4.0
5dceca,santa barbara d´oeste,4.0
5dc203,pompeia,4.0
5c853b,cotia,4.0
5b6788,umuarama,4.0
5a05a1,caxias do sul,4.0
59b22a,uberlandia,4.0
596849,mogi das cruses,4.0
57d2ba,sao bento do sul,4.0
55c26b,tabatinga,4.0
5444b1,sao pauo,4.0
53e4c6,pedreira,4.0
535bf1,rio de janeiro,4.0
52956b,maringa,4.0
519a7a,rio do oeste,4.0
51209b,vila velha,4.0
50c997,claudio,4.0
50770d,santo andre,4.0
4fb41d,feira de santana,4.0
4d600e,entre rios do oeste,4.0
4c61e3,niteroi,4.0
4c6087,atibaia,4.0
4b9049,bage,4.0
4b0fdb,ibitinga,4.0
4a8216,irati,4.0
499185,porto alegre,4.0
48bad4,sao paulo,4.0
486720,jau,4.0
48436d,volta redonda,4.0
45d33f,sorocaba,4.0
43a1d4,maringa,4.0
439a47,mogi das cruzes,4.0
430315,sao paulo,4.0
42b648,maringa,4.0
403aa8,belo horizonte,4.0
3fefda,curitiba,4.0
3ea08c,barbacena,4.0
3dfd3d,sao paulo,4.0
3df020,jales,4.0
3dc69b,sao paulo,4.0
3d8fa2,sao paulo,4.0
3d62f8,jacarei,4.0
3c3017,jaragua do sul,4.0
3bdff1,sao paulo,4.0
3bb548,maringa,4.0
3aa3c8,goiania,4.0
3a3c18,uniao da vitoria,4.0
39f776,goiania,4.0
396986,sao paulo,4.0
391fc6,ibitinga,4.0
3903c7,carapicuiba,4.0
38874e,itaquaquecetuba,4.0
37dd29,limeira,4.0
376d67,sao paulo,4.0
373ee4,rio de janeiro,4.0
36f98a,toledo,4.0
358577,ribeirao preto,4.0
34675b,cascavael,4.0
343e71,campinas,4.0
34056b,penapolis,4.0
33fd41,condor,4.0
328acb,foz do iguacu,4.0
31ae07,americana,4.0
2ee0a0,presidente prudente,4.0
2e90cb,sao paulo,4.0
2d42eb,uruacu,4.0
2cb98e,ribeirao preto,4.0
29fe9f,balneario camboriu,4.0
28f10b,sao paulo,4.0
28d162,ribeirao preto,4.0
2745f7,sao paulo,4.0
271b89,praia grande,4.0
26e13b,franca,4.0
23a0ff,sao pedro,4.0
238fac,dois corregos,4.0
1fe61a,santa cecilia,4.0
1f50f9,sao jose do rio preto,4.0
19d62d,gaspar,4.0
1976a0,assis,4.0
17ca9b,betim,4.0
17998c,belo horizonte,4.0
16090f,atibaia,4.0
157c3e,sao paulo,4.0
143023,sao paulo,4.0
139157,sao paulo,4.0
138dbe,sao paulo,4.0
134b86,valinhos,4.0
131fcb,sao paulo,4.0
0f7eea,pedrinhas paulista,4.0
0dd184,guarulhos,4.0
0d4c82,ribeirao preto,4.0
0c8380,tres coracoes,4.0
0c7533,valinhos,4.0
0b90b6,maringa,4.0
0b0910,sao paulo,4.0
0afccd,uberlandia,4.0
07e8e8,sao paulo,4.0
06a2c3,sao luis,4.0
069261,sao paulo,4.0
069114,londrina,4.0
066a69,foz do iguacu,4.0
062ce9,lajeado,4.0
05d217,alfenas,4.0
039e6a,sao paulo,4.0
0176f7,ibitinga,4.0
011b0e,pompeia,4.0
002100,franca,4.0
fffd54,amparo,3.9
fdaaf5,sao jose do rio preto,3.9
f4aba7,sao paulo,3.9
f45122,piracicaba,3.9
ef506c,sao paulo,3.9
ef2fbc,rio de janeiro,3.9
eb5b62,embu guacu,3.9
eb4df1,paulinia,3.9
e9d998,sao paulo,3.9
e9bc59,maringa,3.9
e96498,sao paulo,3.9
e89c4a,indaiatuba,3.9
e883aa,itapevi,3.9
e601b0,sao paulo,3.9
df56d7,cascavel,3.9
d97df3,sao caetano do sul,3.9
d3dcf0,sao paulo,3.9
d379f4,divinopolis,3.9
cfb1a0,votorantim,3.9
cf2384,serra negra,3.9
ce27a3,sao paulo,3.9
cda598,mirassol,3.9
cca307,ibitinga,3.9
c840d3,curitiba,3.9
c64a2a,imbe,3.9
c4d511,presidente prudente,3.9
c447f8,assis,3.9
c3867b,guara,3.9
c31eff,salto,3.9
c12b92,garca,3.9
beadbe,guarulhos,3.9
b6dc74,arapongas,3.9
b586cd,rio do sul,3.9
b18dc3,diadema,3.9
ae7ab1,arapongas,3.9
abe42c,rio de janeiro,3.9
aac29b,uberlandia,3.9
a93832,nilopolis,3.9
a67382,sao paulo,3.9
a5dd19,caruaru,3.9
a5259c,ji parana,3.9
a420f6,sao paulo,3.9
a2e874,sao jose do rio preto,3.9
a0415d,nova iguacu,3.9
9e6229,mirandopolis,3.9
9aa388,muriae,3.9
9a03a4,catanduva,3.9
99eaac,franca,3.9
98dac6,sao paulo,3.9
96804e,ibia,3.9
966cb4,diadema,3.9
94e93c,votuporanga,3.9
92eb0f,sao paulo,3.9
919878,rodeio,3.9
8f2b51,sao paulo,3.9
8e6cc7,araguari,3.9
8c0de7,sumare,3.9
8b28d0,sao jose dos campos,3.9
8b2492,sao goncalo,3.9
888faa,braco do norte,3.9
863d2e,rio de janeiro,3.9
822166,tres rios,3.9
7f2617,sao paulo,3.9
7ddcbb,sao paulo,3.9
7d76b6,sao paulo,3.9
7813ea,osasco,3.9
6d6661,sao paulo,3.9
6b9b80,belo horizonte,3.9
6b536a,niteroi,3.9
6b3bd3,rio de janeiro,3.9
6a8a88,sao paulo,3.9
6a51fc,marilia,3.9
681fce,araucaria,3.9
6806da,guaratuba,3.9
66e055,sao paulo,3.9
656021,sao paulo,3.9
634964,rio de janeiro,3.9
615005,itu,3.9
5d3bb1,assis,3.9
5d378b,sao paulo,3.9
5abb8e,joinville,3.9
55d3da,sao paulo,3.9
54aa84,belo horizonte,3.9
54065e,rio de janeiro,3.9
52d765,novo hamburgo,3.9
522620,cascavel,3.9
5075aa,pocos de caldas,3.9
4eb61f,sao paulo,3.9
4e9229,jacarei,3.9
4aba39,arraial d'ajuda (porto seguro),3.9
49e721,formiga,3.9
452138,araras,3.9
440dd6,votuporanga,3.9
4305fe,coronel fabriciano,3.9
40d54b,santo andre,3.9
3f0e48,curitiba,3.9
3d6218,sao paulo,3.9
3d4824,sorocaba,3.9
3c487a,gama,3.9
3c03b1,sao joao de meriti,3.9
3be634,sao paulo,3.9
3b872f,ibitinga,3.9
3b1528,ibitinga,3.9
3ab971,sao paulo,3.9
3a1a1f,sao paulo,3.9
3935fe,sao paulo,3.9
38e679,londrina,3.9
3481aa,capivari,3.9
318f28,sao paulo,3.9
2c9e54,mogi das cruzes,3.9
2bf28e,londrina,3.9
2a6fbe,jaragua do sul,3.9
272f09,sao paulo,3.9
252851,osasco,3.9
2156f2,sp,3.9
2138cc,sao paulo,3.9
2009a0,sao jose do rio preto,3.9
1dcfa3,birigui,3.9
1da366,uba,3.9
1d8dbc,arapongas,3.9
1c6839,sarandi,3.9
1b1ae4,bocaiuva do sul,3.9
199694,pradopolis,3.9
198c7e,jacutinga,3.9
190026,ibitinga,3.9
1336ef,assis,3.9
13074f,bento goncalves,3.9
10ff82,pederneiras,3.9
0cbcee,tres coracoes,3.9
0be8ff,sao paulo,3.9
0aea4c,sorocaba,3.9
0adac9,louveira,3.9
09f952,sao bernardo do campo,3.9
06e5ee,porto alegre,3.9
05a940,goiania,3.9
04308b,bombinhas,3.9
0417b0,sao bento do sul,3.9
001cca,cariacica,3.9
ffa6ad,londrina,3.8
fec8cd,jambeiro,3.8
fe1bbc,arinos,3.8
fcb5ac,guarulhos,3.8
fb89df,foz do iguacu,3.8
f91854,sao paulo,3.8
f7ccf8,ibitinga,3.8
f63d8f,votorantim,3.8
f457c4,maringa,3.8
f3da5b,sao paulo,3.8
f12ff1,sao paulo,3.8
edf96e,sao paulo,3.8
ea5661,sao  paulo,3.8
e97299,petropolis,3.8
e81e1f,curitibanos,3.8
e62b2d,sao paulo,3.8
e5a343,limeira,3.8
e2aee0,rolandia,3.8
e1dc07,duque de caxias,3.8
de9727,sarandi,3.8
dd7ddc,sao paulo,3.8
dd55f1,sao paulo,3.8
dd2bdf,belo horizonte,3.8
d5ba41,sao paulo,3.8
d1c281,ibitinga,3.8
d05ae8,rio de janeiro,3.8
cd843d,juiz de fora,3.8
cd6856,ribeirao preto,3.8
cb6c9f,vila velha,3.8
c71426,sao paulo,3.8
c50036,paulinia,3.8
c37b20,sao paulo,3.8
c27317,sao paulo,3.8
c0aff2,florianopolis,3.8
bdb3ed,lencois paulista,3.8
bd1d49,bauru,3.8
bc503e,birigui,3.8
bc3027,campinas,3.8
bba742,betim,3.8
bafc5a,belo horizonte,3.8
b4a476,itapevi,3.8
b45d7e,belo horizonte,3.8
b39d7f,ibitinga,3.8
b33aaa,limeira,3.8
b24879,sao caetano do sul,3.8
b1fc4f,sao goncalo,3.8
b14db0,sorocaba,3.8
af3ef4,araraquara,3.8
ad273c,curitiba,3.8
ac6417,aruja,3.8
a806a4,serra,3.8
a7a9b8,itirapina,3.8
9d7a1d,franca,3.8
9853a2,campo largo,3.8
977f9f,tabatinga,3.8
961dff,rio de janeiro,3.8
91f577,barra mansa,3.8
903037,sao paulo,3.8
8fec2e,laranjal paulista,3.8
8f54d6,ipatinga,3.8
8a32e3,sao paulo,3.8
89bc79,sao paulo,3.8
8931a8,sao paulo,3.8
845e80,rio de janeiro,3.8
8378eb,itajai,3.8
834f85,sao paulo,3.8
83353a,sao paulo,3.8
816025,ibitinga,3.8
7f1523,criciuma,3.8
7d9485,guaruja,3.8
7c9130,garca,3.8
7ad328,ibitinga,3.8
7a91bf,mesquita,3.8
75d34e,salvador,3.8
72c38a,cascavel,3.8
7202e2,franca,3.8
70a12e,jacarei,3.8
701938,s jose do rio preto,3.8
6c99c9,uberlandia,3.8
68ca56,guaratuba,3.8
688756,guarulhos,3.8
6039e2,osasco,3.8
5f2684,sao paulo,3.8
5ef131,ribeirao preto,3.8
5b5103,borda da mata,3.8
596246,curitiba,3.8
5795ae,palhoca,3.8
56642b,sao paulo,3.8
565653,brasilia,3.8
55f7a3,osasco,3.8
4ebdc7,sao paulo,3.8
4e85b5,sao jose dos campos,3.8
4c2b23,sao paulo,3.8
4c1869,sao paulo,3.8
4a3ca9,ibitinga,3.8
49cdc9,sao paulo,3.8
4992e7,sao paulo,3.8
48162d,piracicaba,3.8
45ba18,sao roque,3.8
44073f,brasilia,3.8
431af2,ribeirao preto,3.8
3fd1e7,araraquara,3.8
3d01d1,campinas,3.8
39d54f,sao paulo,3.8
39c763,goiania,3.8
3364a9,porto velho,3.8
2e0dba,santo andre,3.8
2ba91c,itu,3.8
28fb08,sao jose do rio pret,3.8
276677,belo horizonte,3.8
252e76,campinas,3.8
23d7c9,capivari,3.8
217f00,osasco,3.8
213b25,salto,3.8
20cb7c,andira-pr,3.8
1e8c6a,itatiba,3.8
1dd33b,sao paulo,3.8
1cbd50,fazenda rio grande,3.8
1961c3,guarulhos,3.8
189ca3,sao paulo,3.8
17eea2,sao paulo,3.8
14a082,sao paulo,3.8
120476,angra dos reis,3.8
11bfa6,ribeirao preto,3.8
1025f0,sao paulo,3.8
0f0c98,franca,3.8
093805,osasco,3.8
06579c,sao paulo - sp,3.8
04e38a,sao paulo,3.8
014d9a,maringa,3.8
f84a00,rio de janeiro,3.7
f6122b,barueri,3.7
f5fea3,rio de janeiro,3.7
f4c4da,cascavel,3.7
f23541,bariri,3.7
ef990a,joinville,3.7
ed4aca,sao paulo,3.7
e8b3a3,jussara,3.7
e644cb,sao paulo,3.7
e504a4,sao pedro,3.7
e21a1e,jaguaruna,3.7
df5603,loanda,3.7
dd533b,barretos,3.7
dc4a0f,ibitinga,3.7
db2956,sao sebastiao,3.7
d9cb00,olimpia,3.7
d7485b,curitiba,3.7
d20b02,ibitinga,3.7
cee488,guaruja,3.7
cd0660,sao paulo,3.7
ccada0,pato bragado,3.7
ca3bd7,sao paulo,3.7
c6381b,sao paulo,3.7
c33847,brusque,3.7
bf8405,sao paulo,3.7
be8e90,piracicaba,3.7
ba6ce6,sorocaba,3.7
b335c5,araguari,3.7
af7cda,laranjal paulista,3.7
ad87df,jaguariuna,3.7
acb6c2,sao paulo,3.7
a7dc40,sao paulo,3.7
a67780,presidente prudente,3.7
a2deec,sao paulo,3.7
9e9b53,contagem,3.7
9b1585,rio de janeiro,3.7
9a84ba,luziania,3.7
990022,cuiaba,3.7
94c49f,sorocaba,3.7
9261d7,palhoca,3.7
8fff28,sao paulo,3.7
8ff1a9,marilia,3.7
8ca155,campo largo,3.7
891071,sao paulo,3.7
8759e7,santo andre,3.7
855668,itatiba,3.7
81336a,sao carlos,3.7
782f78,campinas,3.7
731ef2,lages - sc,3.7
7210cd,sao paulo,3.7
71039d,sao paulo,3.7
6f892e,sao paulo,3.7
6eeed1,sao paulo,3.7
6da199,sao paulo,3.7
6d7f8d,curitiba,3.7
6bb66d,sao paulo,3.7
63b464,sao paulo,3.7
62760d,salto,3.7
610f72,sao paulo,3.7
5cf1ec,sao paulo,3.7
5ab05b,assis,3.7
578fa3,fortaleza,3.7
52f976,california,3.7
525e75,barueri,3.7
4e6015,guaruja,3.7
4c4d54,maringa,3.7
4a3ccd,marilia,3.7
47648c,diadema,3.7
461ff5,pinhais,3.7
42fb44,pinhalzinho,3.7
3d7007,sertanopolis,3.7
3c7c4a,sao paulo,3.7
3c4e04,colombo,3.7
2e1a7d,sao paulo,3.7
2d22fc,macae,3.7
2c43fb,belo horizonte,3.7
2a61c2,santo andre,3.7
270297,sao paulo,3.7
25c5c9,itauna,3.7
249f0e,rio de janeiro,3.7
244c2f,mogi das cruzes,3.7
23613d,porto ferreira,3.7
2305ab,sao paulo,3.7
2089a6,sao carlos,3.7
1d0997,recife,3.7
1ce3ae,jaguaruna,3.7
165fc0,maringa,3.7
1354d5,sao paulo,3.7
1099a0,rio de janeiro,3.7
0bfd0b,rio de janeiro,3.7
0bf015,sao paulo,3.7
0b3f27,aruja,3.7
042573,sorocaba,3.7
014c06,timoteo,3.7
00fc70,maringa,3.7
00720a,guarulhos,3.7
0015a8,santo andre,3.7
ff69aa,sao paulo,3.6
fc5939,salvador,3.6
f97e2b,santo antonio de posse,3.6
f32954,vitoria,3.6
f1c1ac,sao paulo,3.6
ede0c0,ribeirao preto,3.6
ea6732,ibitinga,3.6
e99e92,uberlandia,3.6
e83c76,aracatuba,3.6
e6a69c,sao paulo,3.6
dc7192,itapeva,3.6
daf565,brusque,3.6
d5b9a0,santo andre,3.6
d32e39,jundiai,3.6
d2e753,porto seguro,3.6
d2374c,ibitinga,3.6
c679fb,caxias do sul,3.6
c522be,santana de parnaiba,3.6
c24173,sao paulo,3.6
c0f783,piracicaba,3.6
be9a16,jaragua do sul,3.6
b17b67,ribeirao preto,3.6
aae3bf,santo andre,3.6
a41455,sao paulo,3.6
9e6967,sao caetano do sul,3.6
9d5604,florianopolis,3.6
95b293,sao paulo,3.6
82bd07,marilia,3.6
7fc87c,guarulhos,3.6
7daca0,tanabi,3.6
7bcd7c,sao paulo,3.6
7a2419,jacutinga,3.6
784ba7,sao paulo,3.6
74c7de,mogi guacu,3.6
609e1a,brusque,3.6
5f67c6,maringa,3.6
5b6645,petropolis,3.6
55bb6f,bauru,3.6
5343d0,santo andre,3.6
52454f,campinas,3.6
51ed72,sao jose do rio preto,3.6
4ef4c3,sao paulo,3.6
4978a0,sao paulo,3.6
3f2af2,terra boa,3.6
38102b,mucambo,3.6
3771c8,sorocaba,3.6
36a968,santos,3.6
35fb51,londrina,3.6
3492e6,salto,3.6
3092c0,aruja,3.6
30829d,parai,3.6
2d50d6,ibitinga,3.6
2b1a40,divinopolis,3.6
229c3e,belo horizonte,3.6
1bc2e2,joinville,3.6
1a932c,sao paulo,3.6
184a67,joinville,3.6
1835b5,ibitinga,3.6
173065,bariri,3.6
11eac1,sao paulo,3.6
085f6f,taubate,3.6
0725b8,guarulhos,3.6
ff82e8,itabira,3.5
f76a3b,sao paulo,3.5
f682e0,mairipora,3.5
f59389,pedreira,3.5
f46490,guarulhos,3.5
f049a7,sao paulo,3.5
edc518,guarulhos,3.5
e9e446,sao paulo,3.5
e819bc,guarulhos,3.5
e0878e,curitiba,3.5
dd8a29,sao paulo,3.5
d9d43f,juiz de fora,3.5
d8d956,sao paulo,3.5
d73cbd,guiricema,3.5
d58d52,sao paulo,3.5
cfa5ab,uba,3.5
cac4c8,indaiatuba,3.5
c76d41,taboao da serra,3.5
c4fb51,curitiba,3.5
c13fb4,sao paulo,3.5
bdae67,brasilia,3.5
bd4ff0,santa maria da serra,3.5
b77a27,duque de caxias,3.5
af4a0e,mateus leme,3.5
ac51ca,ribeirao preto,3.5
abe021,curitiba,3.5
a8739a,sao bernardo do campo,3.5
9e7c5f,sao paulo,3.5
9d3940,sao paulo,3.5
99a547,sao paulo,3.5
968268,sao paulo,3.5
91f0ee,tubarao,3.5
8f78f0,tiradentes,3.5
8ccf3c,rio claro,3.5
87e24f,sao paulo,3.5
87d3c3,sao paulo,3.5
81f89e,presidente prudente,3.5
7b7f91,osasco,3.5
751bdc,ribeirao pires,3.5
74a9b9,sao paulo,3.5
7402d1,cambe,3.5
712e6e,videira,3.5
7040e8,sao paulo,3.5
6fd52c,sao paulo,3.5
6a53b9,curitiba,3.5
6973a0,sao jose dos campos,3.5
5b179e,sao paulo,3.5
5b0cc9,ibitinga,3.5
5011f0,santos,3.5
4dbd95,curitiba,3.5
3fe712,governador valadares,3.5
3afc53,belo horizonte,3.5
3a4127,sao paulo,3.5
22c32e,maringa,3.5
218f99,sao paulo,3.5
1d1bbb,indaial,3.5
1d139e,barrinha,3.5
13511d,caxias do sul,3.5
12a8eb,sao paulo,3.5
0b35c6,teixeira soares,3.5
091065,canoas,3.5
08d094,cascavel,3.5
07a9bc,sao paulo,3.5
0747d5,saquarema,3.5
070d16,sao paulo,3.5
04aa0a,cosmopolis,3.5
038b75,sao jose dos campos,3.5
f650a9,ararangua,3.4
f08a5b,porto alegre,3.4
eed78a,botucatu,3.4
e8f6dc,sao paulo,3.4
e3dd72,sao bernardo do campo,3.4
d3f39f,mococa,3.4
b87a7e,sao paulo,3.4
a7f138,itaquaquecetuba,3.4
9cad4b,birigui,3.4
9c7fd2,osasco,3.4
89d9a3,sao paulo,3.4
897060,ribeirao preto,3.4
88460e,maringa,3.4
850913,atibaia,3.4
821fb0,sao paulo,3.4
817831,sorocaba,3.4
71593c,sao paulo / sao paulo,3.4
710e35,rolandia,3.4
6e4f5f,flores da cunha,3.4
6c1b6d,sao paulo,3.4
66dc1b,jau,3.4
6219ba,sao paulo,3.4
5ee7fd,vargem grande do sul,3.4
4e5725,ribeirao preto,3.4
4deebb,sao paulo,3.4
490674,juiz de fora,3.4
32f1bb,sao paulo,3.4
1b8b75,sao paulo,3.4
18a349,sao paulo,3.4
09883d,sao paulo,3.4
058cb5,rio de janeiro,3.4
054694,itajobi,3.4
fcdd82,ribeirao preto,3.3
f88adb,porto ferreira,3.3
e3e290,sao paulo,3.3
de09d0,sao paulo,3.3
d7b237,sao paulo,3.3
cb41bf,sao paulo,3.3
c7fdb7,santo andre,3.3
c60b80,guarulhos,3.3
bc47d5,santo andre,3.3
b98b71,sao paulo,3.3
b8d890,curitiba,3.3
b2479f,ibitinga,3.3
b1204c,guarulhos,3.3
aa7626,curitiba,3.3
a6bd7d,mamanguape,3.3
a23266,porto alegre,3.3
90b36c,conchal,3.3
88ae90,sao paulo,3.3
87b740,suzano,3.3
850448,osasco,3.3
835f0f,sao paulo,3.3
82e0a4,sao paulo,3.3
7c67e1,itaquaquecetuba,3.3
714b9a,monte alto,3.3
62c50c,sao paulo,3.3
5b97c0,joao pinheiro,3.3
5b5814,florianopolis,3.3
556a64,curitiba,3.3
52f0fe,sao paulo,3.3
52ac6f,pinhais,3.3
3d3ccf,ibitinga,3.3
38e6da,sao paulo,3.3
2f73e0,cachoeiro de itapemirim,3.3
2ea086,sao paulo,3.3
2a7c6c,maringa,3.3
2a261b,porto ferreira,3.3
0e982c,itajai,3.3
082e0b,botucatu,3.3
07bf96,sao paulo,3.3
02dcd3,contagem,3.3
fedf2c,sao paulo,3.2
fce620,sao paulo,3.2
ed8cb7,santos,3.2
ea65d8,campinas,3.2
e48cc1,aracatuba,3.2
d9e7e7,sao paulo,3.2
d71d86,osasco,3.2
d29ba1,sao carlos,3.2
c990d6,paulinia,3.2
c53bcd,neopolis,3.2
b566ab,extrema,3.2
aded58,rio de janeiro,3.2
ad7551,santa terezinha de goias,3.2
ab3e0c,colorado,3.2
95f83f,borda da mata,3.2
9485a2,santo andre,3.2
8a40ae,curitiba,3.2
86bb7c,franca,3.2
758691,rio de janeiro,3.2
63ffcb,itaborai,3.2
55c969,sao paulo,3.2
557f22,morrinhos,3.2
542198,sorocaba,3.2
427165,americana,3.2
3fadb4,caxias do sul,3.2
35ef5a,sombrio,3.2
2b3b9c,sao paulo,3.2
1dfe53,ibitinga,3.2
1d2732,rio de janeiro,3.2
0873d9,barueri,3.2
04fdea,sao paulo,3.2
fcf16b,sao paulo,3.1
fb3cfb,rio de janeiro,3.1
f5f1f2,taruma,3.1
f08c00,santa terezinha de itaipu,3.1
e7d5b0,santo andre,3.1
e64d65,rio claro,3.1
dc8798,sao paulo,3.1
c458e2,sao caetano do sul,3.1
bfd938,rio de janeiro,3.1
b0b346,campinas,3.1
adcf50,claudio,3.1
ad7815,sao jose do rio preto,3.1
9803a4,rio verde,3.1
8d4655,campinas,3.1
8444e5,congonhal,3.1
725af0,claudio,3.1
5058e8,itaquaquecetuba,3.1
4cf490,tabatinga,3.1
4c8b80,ibitinga,3.1
3f8034,curitiba,3.1
2f09f7,ribeirao preto,3.1
2e3be8,belo horizonte,3.1
2c3d56,barueri,3.1
0307f7,sao jose do rio preto,3.1
f9f68d,sumare,3.0
f9d010,lorena,3.0
f7c316,ibitinga,3.0
f664f9,sao paulo,3.0
edb65f,sao paulo,3.0
ed49da,sao paulo,3.0
ebe3da,ribeirao preto,3.0
eb4a59,salvador,3.0
e88165,ferraz de  vasconcelos,3.0
e4f121,sao jose do rio preto,3.0
e09887,sao paulo,3.0
da4d14,sbc,3.0
d9b00a,ponta grossa,3.0
d8cf3b,mandaguacu,3.0
d4d99b,sao paulo,3.0
d2df77,arapongas,3.0
d180e0,belo horizonte,3.0
ceb7b4,04482255,3.0
ce33c6,suzano,3.0
cb3276,rio claro,3.0
cad996,pocos de caldas,3.0
c9a06e,brasilia,3.0
c6381d,portao,3.0
c3ee23,sao paulo,3.0
c161d1,sao paulo,3.0
c13ef0,sao paulo sp,3.0
bee36b,sao paulo,3.0
be1e9e,ribeirao preto,3.0
bbd3ac,santo andre,3.0
bbad7e,sao paulo,3.0
b86a47,passos,3.0
ad8b53,castro,3.0
ac9b01,mogi das cruzes,3.0
aa2640,sao paulo,3.0
a89e14,limeira,3.0
a5ff20,sao paulo,3.0
a4fc6e,sao caetano do sul,3.0
a49928,sao paulo,3.0
a21c11,santana de parnaiba,3.0
a1ed30,sao paulo,3.0
a1bea9,pinhais,3.0
a154d7,sao paulo,3.0
a09a13,sapiranga,3.0
9ef932,ibitinga,3.0
9da1ca,votuporanga,3.0
972d0f,brusque,3.0
968ee7,erechim,3.0
9558aa,apucarana,3.0
9535a8,sao paulo,3.0
9315e4,londrina,3.0
9200e6,rio de janeiro,3.0
8fbe2e,sorocaba,3.0
8f0fbe,sao paulo,3.0
8e6d77,sao jose dos campos,3.0
8e4f04,porto alegre,3.0
8cb7c5,anapolis,3.0
8b1111,igaracu do tiete,3.0
89dda6,maua/sao paulo,3.0
89c127,osasco,3.0
80146b,taboao da serra,3.0
7fe21d,rio de janeiro,3.0
7f0265,sao paulo,3.0
7c4adc,sao goncalo,3.0
7c4621,campinas,3.0
7b3f6c,tambau,3.0
7494d0,santos,3.0
70ee69,mogi das cruzes,3.0
6bd691,sao paulo,3.0
6bcb23,maringa,3.0
690215,sao paulo,3.0
630008,sao paulo,3.0
6187a1,osasco,3.0
6179a2,varginha,3.0
5b92bf,sorocaba,3.0
5a32c3,rio de janeiro,3.0
578460,goiania,3.0
56db5c,palhoca,3.0
541533,belo horizonte,3.0
539ed9,belo horizonte,3.0
52831e,tupa,3.0
4e0d10,sao joao de meriti,3.0
4ce8b5,fazenda rio grande,3.0
4ce6e5,sao bernardo do campo,3.0
4cc43a,ribeirao preto,3.0
491a5a,sao paulo,3.0
455bef,resende,3.0
43b2c8,brasilia,3.0
3f8247,joinville,3.0
373034,campinas,3.0
360677,sao caetano do sul,3.0
3442f8,campinas,3.0
340636,sao jose dos campos,3.0
2c2c98,santa maria,3.0
2aa344,rio de janeiro,3.0
2a1348,belo horizonte,3.0
26f6b7,rio de janeiro,3.0
26e2c9,ibitinga,3.0
25be94,sao bernardo do campo,3.0
22a23e,belo horizonte,3.0
20b54c,sao caetano do sul,3.0
1a6245,sao bernardo do campo,3.0
167fd9,franca,3.0
1588ac,maringa,3.0
13d95f,goiania,3.0
11938f,sao miguel d'oeste,3.0
0f80a4,lencois paulista,3.0
099095,sao paulo,3.0
02a227,rio de janeiro,3.0
f9903d,blumenau,2.9
f44bdc,braganca paulista,2.9
b7ed9f,jacarei,2.9
66fd84,campina das missoes,2.9
602044,ibitinga,2.9
54965b,foz do iguacu,2.9
312ba1,guarulhos,2.9
f1b854,rio de janeiro,2.8
e250d6,guarulhos,2.8
be3b4b,imbituva,2.8
b19f3c,divinopolis,2.8
a218df,araraquara,2.8
92d14e,sao bernardo do campo,2.8
5acd07,jundiai,2.8
43402b,ribeirao pires,2.8
4091f7,sao paulo,2.8
134285,sao paulo,2.8
0d83f8,porto alegre,2.8
0aa220,sao paulo,2.8
f1b936,sao jose dos campos,2.7
eddd19,ponta grossa,2.7
ec4608,porto ferreira,2.7
ec2120,armacao dos buzios,2.7
ebef8d,ribeirao preto,2.7
ea1776,sao paulo,2.7
e3b499,sao paulo,2.7
d5c530,centro,2.7
c4f7fe,sorocaba,2.7
c26a2b,nova friburgo,2.7
c0e683,guaruja,2.7
bb135b,sao paulo,2.7
b56828,praia grande,2.7
89de2d,londrina,2.7
79a679,sao paulo,2.7
74bafe,sao paulo,2.7
6cf476,sao paulo,2.7
6650fc,sao paulo,2.7
4a1917,brasilia,2.7
2eb702,campinas,2.7
1284de,laranjeiras do sul,2.7
0dfbed,porto ferreira,2.7
08ad4a,itapevi,2.7
0791d9,belo horizonte,2.7
02d352,natal,2.7
f19516,artur nogueira,2.6
cb5df0,bady bassitt,2.6
c6a753,sao paulo,2.6
a53f60,uberlandia,2.6
a4b6b9,florianopolis,2.6
a36ac0,barueri,2.6
8b87cd,sao paulo,2.6
8a8761,curitiba,2.6
6861de,curitiba,2.6
5b3513,rio de janeiro,2.6
538caa,sao paulo,2.6
48fb02,barra mansa,2.6
2dd1fb,curitiba,2.6
2709af,sao paulo,2.6
fc5a0d,sao paulo,2.5
f356c3,canoas,2.5
e3e15e,sao paulo,2.5
dff87e,sao paulo,2.5
cbbd5a,santana de parnaiba,2.5
c7dcd3,belo horizonte,2.5
c2bda9,sao paulo,2.5
c286ec,curitiba,2.5
c1552b,sao jose dos campos,2.5
b43d8b,ipira,2.5
b41619,franca,2.5
9b1050,montes claros,2.5
98e164,sao paulo,2.5
8ff38b,sao paulo,2.5
8d899e,sao roque,2.5
8cf214,sao jose,2.5
76de36,xaxim,2.5
747c1c,ibitinga,2.5
712719,porto alegre,2.5
5659d7,taubate,2.5
559d56,joinville,2.5
4e8dac,sao paulo,2.5
458c6f,catanduva,2.5
455f46,sorocaba,2.5
44f091,sao paulo,2.5
353e21,canoas,2.5
20d53a,santa rita do sapucai,2.5
14f2b3,ipe,2.5
07d75e,sao paulo,2.5
fa74b2,presidente prudente,2.4
b5abf4,brasilia,2.4
7fdb07,toledo,2.4
4dc646,valinhos,2.4
40db9e,recife,2.4
25debe,igaracu do tiete,2.4
252874,jundiai,2.4
08cdba,uba,2.4
f543ba,sao jose do rio preto,2.3
eebb33,sao paulo,2.3
ecccfa,curitiba,2.3
eb9cd5,sao paulo,2.3
e5bd51,santo andre,2.3
e4fc40,arapongas,2.3
d6cd01,sao paulo,2.3
cd52a8,palhoca,2.3
c7bb64,joinville,2.3
c32fc7,ribeirao preto,2.3
c1d1eb,sao paulo,2.3
bcc9dd,ibitinga,2.3
bb3dca,sao paulo,2.3
9cea46,araucaria,2.3
9bade6,sao jose dos pinhais,2.3
9996ae,tupa,2.3
973f21,claudio,2.3
933446,curitiba,2.3
92c8bc,sao paulo,2.3
8132b9,florianopolis,2.3
762ed9,londrina,2.3
5bc55d,coronel fabriciano,2.3
58e4b3,colombo,2.3
4b98b0,taboao da serra,2.3
432c67,sao paulo,2.3
327b89,manaus,2.3
213faf,sete lagoas,2.3
191d55,brasilia,2.3
1352e0,rio de janeiro,2.3
052577,rodeio,2.3
e59e48,maringa,2.2
270d3e,carapicuiba,2.2
1ca707,santana de parnaiba,2.2
ffff56,campinas,2.1
6f1a12,sao paulop,2.1
f43827,sao jose do rio preto,2.0
e4253c,sao paulo,2.0
d4828f,juzeiro do norte,2.0
d1a1b4,pato branco,2.0
cf8ab1,sao paulo,2.0
c360e4,lencois paulista,2.0
bf0d50,piracicaba,2.0
bc8c8d,sao paulo,2.0
b7d5b4,florianopolis,2.0
b57e84,porto alegre,2.0
ace601,sao paulo,2.0
a4e634,osasco,2.0
a0d7fb,ferraz de vasconcelos,2.0
9da15f,osasco,2.0
94165a,uberlandia,2.0
8a4312,sao paulo,2.0
88ef59,guaratuba,2.0
7caa63,sao paulo,2.0
76d336,sorocaba,2.0
6bef34,timbo,2.0
685b87,sao bernardo do campo,2.0
64b879,presidente bernardes,2.0
5d043c,sao paulo,2.0
5882f4,sao paulo,2.0
52f6f9,curitiba,2.0
4d6fb8,belo horizonte,2.0
4b1eaa,ribeirao preto,2.0
48328e,canoas,2.0
443d88,marilia,2.0
3febca,itaquaquecetuba,2.0
344223,gaspar,2.0
2e2f44,curitiba,2.0
2cb470,curitiba,2.0
299c89,varzea alegre,2.0
2078fe,arapongas,2.0
1b65c1,rio do sul,2.0
101921,rio claro,2.0
033618,ibitinga,2.0
8bd0e3,tres de maio,1.9
6ee85b,sao paulo,1.9
633ecd,sao paulo,1.8
5151ae,marilia,1.8
ec5c1d,rio de janeiro,1.7
d4a5e9,sao paulo,1.7
b1b394,sao paulo,1.7
799408,sao paulo,1.7
4e3260,sao paulo,1.7
30c7f2,niteroi,1.7
d8dd17,sao caetano do sul,1.5
ab75b8,tupa,1.5
791cfc,ribeirao preto,1.5
6dc9be,sao paulo,1.5
2ec6e3,porto alegre,1.5
1fbe10,maua,1.5
ec2e00,sao paulo,1.4
b37c4c,sao paulo,1.4
8c3b53,belo horizonte,1.3
4342d4,rio de janeiro,1.3
ffcfef,curitiba,1.0
fec691,ribeirao preto,1.0
fc99f9,boituva,1.0
fc6295,sao paulo,1.0
fa7ad8,pedreira,1.0
fa18c7,belo horizonte,1.0
f9eda0,orleans,1.0
f7df46,novo hamburgo,1.0
f5403d,fernandopolis,1.0
f524ad,soledade,1.0
f30554,salvador,1.0
f114dc,cambe,1.0
f0ec6a,sao paulo,1.0
f09e26,pirassununga,1.0
f0563b,tubarao,1.0
e6ffc9,sao paulo,1.0
e628d4,belo horizonte,1.0
e46bc0,sao paulo,1.0
e1a210,cascavel,1.0
e174dc,santo andre,1.0
df683d,farroupilha,1.0
deaadd,sao paulo,1.0
dc120d,sao jose dos pinhais,1.0
dadc51,sao paulo,1.0
da2782,sao paulo,1.0
d65f31,artur nogueira,1.0
d1e2fe,rio de janeiro,1.0
d1a5cc,curitiba,1.0
cf281c,eusebio,1.0
cecd97,cordilheira alta,1.0
cc1f04,sao paulo,1.0
cb4a70,florianopolis,1.0
ca5832,xanxere,1.0
c97aa4,novo hamburgo,1.0
c88f62,arapongas,1.0
c87abc,sao paulo,1.0
c85d7b,sao bernardo do campo,1.0
c7b7db,sao paulo,1.0
c542f5,sao paulo,1.0
c4b911,vera cruz,1.0
c200c7,almirante tamandare,1.0
c1dde1,sao paulo,1.0
c004e5,sao paulo,1.0
bcf556,sao paulo,1.0
b7ba85,santo antonio da patrulha,1.0
b6c685,sao paulo,1.0
afac9f,bauru,1.0
ad8ada,araguari,1.0
ad738d,novo hamburgo,1.0
ac1ed5,sao paulo,1.0
ac137b,sao paulo,1.0
a4b8d9,sumare,1.0
a2e857,miguelopolis,1.0
a24719,sao jose do rio preto,1.0
a0e195,sao jose dos pinhais,1.0
9f56a7,rio de janeiro,1.0
9e17b9,ribeirao preto,1.0
9c57bc,curitiba,1.0
9c3a1c,carmo da mata,1.0
9c3514,sao paulo,1.0
9bf11d,contagem,1.0
9a208d,belford roxo,1.0
984c27,americana,1.0
96f7c7,cravinhos,1.0
959951,sao paulo,1.0
9591fc,sao paulo,1.0
9523fb,sao paulo,1.0
92992b,sao paulo,1.0
913fd0,blumenau,1.0
90d412,taboao da serra,1.0
8e6704,juiz de fora,1.0
8d92f3,sao paulo,1.0
88af55,taboao da serra,1.0
880eda,ipua,1.0
87f3e3,bom jesus dos perdoes,1.0
86649b,medianeira,1.0
8629a7,goiania,1.0
8501d8,blumenau,1.0
83d707,cotia,1.0
7e9592,sao paulo,1.0
7e3dde,cambe,1.0
7a1888,sao paulo,1.0
7a073a,londrina,1.0
79ee72,bauru,1.0
781a66,campinas,1.0
77dcbb,lajeado,1.0
749e7c,guarulhos,1.0
6e85dc,marapoama,1.0
6e2d3e,colombo,1.0
6d0412,rio de janeiro,1.0
67e43d,guarulhos,1.0
66d5ae,sao jose do rio preto,1.0
661481,macatuba,1.0
6576fd,taboao da serra,1.0
63bc58,sao paulo,1.0
637040,jundiai,1.0
62d977,curitiba,1.0
61f159,serra,1.0
61c36f,guarulhos,1.0
61b893,divisa nova,1.0
60ad15,carapicuiba,1.0
5dc4bd,florianopolis,1.0
5ca5d5,sao paulo,1.0
5c603f,varginha,1.0
5aaa89,petropolis,1.0
58b98c,campinas,1.0
586a87,porto alegre,1.0
56a8b4,sao bernardo do campo,1.0
553a44,limeira,1.0
5206cc,osasco,1.0
51a04a,braganca paulista,1.0
50c361,sao paulo,1.0
4f40d2,sao paulo,1.0
4e4258,portoferreira,1.0
4e2627,belo horizonte,1.0
4be2e7,rio branco,1.0
4bc3d9,sao paulo,1.0
43a5d4,varginha,1.0
42d4b7,goiania,1.0
40536e,caieiras,1.0
400352,rio de janeiro,1.0
3da383,fortaleza,1.0
3bfad0,osasco,1.0
3a79f3,campinas,1.0
3a52d6,aguas claras df,1.0
391bbd,campinas,1.0
37ceb4,sao paulo,1.0
34aefe,curitiba,1.0
3338e7,piracicaba,1.0
324583,sao jose do rio preto,1.0
2a50b7,brasilia,1.0
278b6e,itajai,1.0
244b04,jundiai,1.0
20fd2d,colombo,1.0
1fddcb,sao paulo,1.0
1fa2d3,sao paulo,1.0
1f7dfa,sao paulo,1.0
1e47d8,campinas,1.0
1b4b28,piracicaba,1.0
1992f8,sao paulo,1.0
1967a9,sao paulo,1.0
19484c,valinhos,1.0
17adeb,guarulhos,1.0
15b3b1,bauru,1.0
15aec0,rio de janeiro,1.0
15ac3c,sao paulo,1.0
154bdf,ibitinga,1.0
1444c0,lauro de freitas,1.0
0aa124,alfenas,1.0
010da0,sao bernardo do campo,1.0
001e6a,sao goncalo,1.0
