seller,seller_city,total_revenue,number_of_orders
4869f7,guariba,249640.7,1132
7c67e1,itaquaquecetuba,239536.44,982
532435,lauro de freitas,235856.68,358
4a3ca9,ibitinga,235539.96,1806
fa1c13,sumare,204084.73,585
da8622,piracicaba,185192.32,1314
7e93a4,barueri,182754.05,336
1025f0,sao paulo,172860.69,915
7a67c8,sao paulo,162648.38,1160
955fee,sao paulo,160602.68,1287
656021,sao paulo,151265.77,1854
1f50f9,sao jose do rio preto,142104.98,1404
46dc3b,rio de janeiro,139909.69,521
a1043b,ilicinea,133745.25,718
cc419e,santo andre,129957.41,1706
620c87,petropolis,128909.71,740
5dceca,santa barbara dÂ´oeste,125816.92,325
7d13fc,ribeirao preto,122261.02,565
3d871d,campo limpo paulista,117347.71,1080
edb1ef,teresopolis,83189.65,166
ccc4bb,curitiba,79261.6,187
cca307,ibitinga,78381.29,712
858105,guarulhos,74584.3,387
f7ba60,sao bernardo do campo,72736.01,219
fe2032,campinas,70680.95,294
de722c,recife,65112.75,339
7ddcbb,sao paulo,63525.29,334
04308b,bombinhas,63184.99,94
f8db35,salto,63079.8,667
218d46,ribeirao preto,62737.54,388
522620,cascavel,61829.81,174
25c5c9,itauna,61679.33,158
17e34d,riberao preto,61603.2,255
37be5a,sao paulo,61433.88,272
ceaec5,sao paulo,59249.02,203
b2ba37,sao paulo,58173.02,337
17f51e,sao paulo,57812.43,56
f5a590,sao bernardo do campo,57440.94,117
77530e,curitiba,55063.99,320
816025,ibitinga,54871.5,385
ea8482,sao paulo,54722.29,1146
e882b2,teresopolis,53913.76,57
4e9229,jacarei,53304.75,420
e97799,praia grande,53302.66,657
966cb4,diadema,52935.87,75
2bf6a2,nova friburgo,51629.49,30
4d6d65,jau,51486.31,369
c826c4,guarulhos,51217.22,354
d91fb3,praia grande,50180.51,535
391fc6,ibitinga,50142.83,526
17a053,mogi guacu,49531.57,125
c3cfdc,curitiba,49127.81,278
06a2c3,sao luis,48550.24,392
850f4f,sao paulo,48469.77,187
b33e7c,pradopolis,47710.24,152
eeb6de,lages,46795.28,83
712e6e,videira,46704.13,79
2eb702,campinas,45860.1,202
ba9096,guarulhos,45523.5,38
634964,rio de janeiro,45420.53,268
714254,penapolis,44289.16,319
834f32,araraquara,44207.42,66
b839e4,sao caetano do sul,43749.93,33
c3867b,guara,42197.18,245
1835b5,ibitinga,42086.16,423
dbc221,borda da mata,41789.16,406
7299e2,araguari,41581.08,338
7178f9,videira,41478.92,203
c70c1b,hortolandia,40476.28,261
53e4c6,pedreira,40036.19,473
855668,itatiba,40005.36,312
e9bc59,maringa,39031.56,216
871421,porto alegre,38314.31,305
0241d4,curitiba,38251.61,238
59417c,limeira,37657.77,18
76d5af,sao paulo,37541.56,131
9c0e69,sao jose dos campos,36602.96,157
88460e,maringa,36543.1,248
70a12e,jacarei,36465.44,315
252851,osasco,36438.75,161
1554a6,monte siao,35850.79,247
7681ef,guarulhos,34857.93,59
70eea0,itatiba,34764.17,108
5c2436,sao paulo,34637.66,98
001cca,cariacica,33934.17,200
e59aa5,curitiba,33803.97,70
190026,ibitinga,33120.59,411
9f5056,sao paulo,32391.86,397
d1c281,ibitinga,32339.06,215
0b90b6,maringa,32207.64,164
59b22a,uberlandia,32082.07,125
d23019,londrina,31954.84,39
a3a38f,joinville,31775.27,254
8b321b,sao paulo,31692.05,943
900ba8,salto,31467.94,88
16090f,atibaia,31173.11,402
d2374c,ibitinga,30817.8,524
12b967,montenegro,30342.69,135
7e1fb0,franca,30335.93,159
897060,ribeirao preto,29887.47,317
c00320,cajamar,29850.89,197
b32be1,caxias do sul,29831.02,45
de23c3,sao paulo,29081.81,164
dc4a0f,ibitinga,28795.09,231
a416b6,sao paulo,28670.52,162
710e35,rolandia,27855.07,136
1c6839,sarandi,27729.16,142
1a3df4,joinville,27594.12,167
f62d7b,vicosa,26790.59,32
b94cc9,macae,26368.49,39
7ad328,ibitinga,26050.32,151
8f2ce0,pirituba,25550.01,153
729f06,limeira,25479.65,96
f45122,piracicaba,25404.13,187
612170,novo hamburgo,25372.08,107
b1b394,sao paulo,25185.49,18
8444e5,congonhal,24951.27,99
2b3e4a,sao paulo,24535.1,52
b37c4c,sao paulo,24487.6,4
744dac,colombo,24385.02,79
06e5ee,porto alegre,24381.84,92
85d9eb,belo horizonte,24029.58,509
40db9e,recife,23823.99,12
05ff92,santo angelo,23808.17,59
0dd184,guarulhos,23766.42,161
59fb87,sao paulo,23754.76,126
ff69aa,sao paulo,23695.2,20
00ee68,sao paulo,23440.66,135
7b0df9,braganca paulista,23272.78,32
004c9c,ibitinga,23263.94,158
f457c4,maringa,22807.22,199
bfd27a,serra negra,22645.05,117
48162d,piracicaba,22592.17,68
dc317f,cachoeirinha,22570.13,55
44073f,brasilia,21901.93,144
128639,maringa,21694.45,533
0c8380,tres coracoes,21455.83,182
41b39e,santo andre,21042.91,195
cd6856,ribeirao preto,20777.19,125
821fb0,sao paulo,20740.25,28
54a185,santa barbara d'oeste,20614.4,200
7aa433,laranjal paulista,20603.33,217
86ccac,blumenau,20588.6,180
fa40cc,sao paulo,20586.77,307
76d64c,curitiba,20455.29,64
96493f,sao paulo,20181.23,63
d650b6,cotia,20153.04,60
2a5b78,formiga,20132.83,49
1e8b33,sao paulo,20011.3,123
527801,garca,20005.36,90
c33847,brusque,19894.26,114
4b9750,limeira,19305.1,218
9de464,joinville,19282.41,72
2a8485,belo horizonte,19270.61,164
79ebd9,cascavel,19105.14,136
165fc0,maringa,19081.43,50
4c2b23,sao paulo,18989.84,261
a888fa,umuarama,18887.32,54
213b25,salto,18839.96,155
c72de0,guanambi,18733.18,21
941445,viamao,18715.65,68
ef0ace,sao goncalo,18538.95,129
4a3ccd,marilia,18494.93,66
0adac9,louveira,18460.22,110
2138cc,sao paulo,18426.25,396
abe42c,rio de janeiro,18158.23,50
229c3e,belo horizonte,18106.57,121
1b4c3a,sao ludgero,17791.67,113
8ae520,navegantes,17766.34,65
01fdef,londrina,17690.07,129
669229,belo horizonte,17581.07,151
d921b6,formiga,17403.81,77
5cf13a,patos de minas,17402.47,149
ce248b,jaragua do sul,17296.95,65
e5a381,sao paulo,17254.59,121
d94a40,baependi,17220.94,101
c3acdf,sao paulo,17057.28,12
6d6661,sao paulo,16854.37,166
2e90cb,sao paulo,16782.16,127
669ae8,rio do sul,16621.46,162
f9244d,sao paulo,16607.42,21
1f1bb1,sao paulo,16562.87,27
3b1528,ibitinga,16513.69,104
606115,campinas,16513.31,28
a67382,sao paulo,16490.14,129
75d34e,salvador,16479.51,62
c847e0,uberaba,16460.78,42
a3e9a2,ibitinga,16323.89,130
cfb1a0,votorantim,16236.2,147
8e6d77,sao jose dos campos,16212.51,85
87b740,suzano,16182.38,13
a5cba2,campo mourao,16120.66,54
6edacf,guarulhos,16087.6,208
6039e2,osasco,16047.17,64
1f9ab4,tupa,16043.51,78
440dd6,votuporanga,15793.21,94
ac3508,canoas,15792.23,103
701938,s jose do rio preto,15792.12,75
05f51e,belo horizonte,15788.3,60
530ec6,cascavel,15640.21,97
289cdb,belo horizonte,15639.29,110
b8bc23,itajai,15621.16,45
a7f138,itaquaquecetuba,15595.12,75
c31eff,salto,15586.05,122
080199,osasco,15544.88,79
aba172,sao paulo,15352.47,83
431af2,ribeirao preto,15250.85,117
e2a1ac,sao paulo,15200.56,5
c6bda7,sao paulo,15196.12,59
48436d,volta redonda,15183.64,138
cf8ab1,sao paulo,15150.37,9
2e1c9f,sao paulo,15122.37,167
0ea22c,sete lagoas,15075.31,237
a6bd7d,mamanguape,15046.63,16
0b35c6,teixeira soares,15008.74,51
1ca707,santana de parnaiba,15001.43,115
9e6229,mirandopolis,14986.65,74
00fc70,maringa,14969.99,103
ef506c,sao paulo,14968.43,324
d50d79,sao paulo,14944.68,70
e26901,maua,14938.88,202
e8b3a3,jussara,14916.39,87
ce7d18,baependi,14876.54,78
813348,jundiai,14800.43,179
2b1a40,divinopolis,14634.88,23
d05ae8,rio de janeiro,14595.43,78
f08a5b,porto alegre,14565.74,11
240b97,niteroi,14452.65,36
610f72,sao paulo,14429.45,16
34d1ca,congonhas,14404.28,40
0be8ff,sao paulo,14384.65,161
8d956f,sao bernardo do campo,14343.14,211
d6b1ce,salto,14315.88,92
cab855,sao paulo,14295.24,206
99eaac,franca,14274.52,66
95e03c,rio de janeiro,14243.5,175
80e669,pinhais,14154.9,98
ad97a1,brusque,14074.7,17
ff063b,santo andre,14061.27,94
e24fc9,braganca paulista,13966.71,52
7202e2,franca,13916.16,53
5a8e7d,campinas,13866.19,139
8cc6a0,andradas,13838.22,24
b372ee,sao jose do rio preto,13813.84,63
6cd68b,belo horizonte,13718.46,149
adbc26,curitiba,13692.25,88
c66dcc,registro,13682.25,45
c8b0e2,itaquaquecetuba,13657.34,84
c60b80,guarulhos,13652.89,41
056b4a,queimados,13639.41,65
5d378b,sao paulo,13636.28,7
6e386f,sao paulo,13563.66,30
70c278,rio de janeiro,13529.18,77
1d8dbc,arapongas,13421.05,92
25e6ff,sao paulo,13396.85,108
ed4aca,sao paulo,13369.76,32
09f952,sao bernardo do campo,13346.46,50
039e6a,sao paulo,13273.42,5
c510bc,indaiatuba,13211.87,13
ca3bd7,sao paulo,13171.37,71
54965b,foz do iguacu,13164.84,78
23d7c9,capivari,13146.52,53
d1b65f,mogi guacu,13141.8,40
562fc2,campinas,13119.34,260
8b8cfc,londrina,13110.7,15
5058e8,itaquaquecetuba,13077.93,63
1da3ae,sao paulo,13055.36,265
ce27a3,sao paulo,13011.87,135
f262cb,sao paulo,12989.85,192
66e055,sao paulo,12977.99,31
4830e4,sao paulo,12970.02,210
7040e8,sao paulo,12955.98,212
b499c0,limeira,12905.08,152
b4f892,caxias do sul,12863.41,18
dd2bdf,belo horizonte,12853.88,108
ccb83a,sombrio,12785.73,12
c9c790,itapecerica da serra,12766.71,127
fbc14c,serrana,12758.93,18
f3b803,brasilia,12692.73,87
7ea5bf,belo horizonte,12663.88,98
d71d86,osasco,12655.65,29
72c5da,guarulhos,12652.47,31
1c1290,sao paulo,12589.29,201
c4f7fe,sorocaba,12533.6,8
790164,rio de janeiro,12478.83,22
82e0a4,sao paulo,12415.92,42
5343d0,santo andre,12393.23,71
6973a0,sao jose dos campos,12374.62,95
c86403,campo largo,12299.77,58
33a6f4,guarulhos,12183.91,105
17ca9b,betim,12120.72,116
f80edd,sao paulo,12108.94,119
dd7ddc,sao paulo,12072.0,122
4e7c18,jaboticabal,12053.88,82
c4d511,presidente prudente,12038.35,17
bba329,sao paulo,12028.79,17
bd23da,sao paulo,12011.13,89
9d5a90,aparecida de goiania,11982.21,67
8b28d0,sao jose dos campos,11967.15,143
31344c,uba,11912.62,43
fffd54,amparo,11896.04,60
32b876,lages,11854.42,36
01cf7e,francisco beltrao,11738.18,61
aaed13,timbo,11708.02,105
aafe36,sao jose,11673.2,129
9b013e,vicente de carvalho,11631.61,174
36a968,santos,11628.87,154
3db66a,ponte nova,11522.66,94
0df398,betim,11520.21,87
9d4db0,sorocaba,11512.81,98
92eb0f,sao paulo,11492.67,341
6c7d50,presidente prudente,11470.19,114
565653,brasilia,11442.96,174
cbd996,sao jose do rio preto,11284.96,165
259f7b,poa,11265.25,138
81a110,sao jose dos pinhais,11235.27,73
ea5661,sao  paulo,11167.98,50
066a69,foz do iguacu,11115.95,68
e5a343,limeira,11112.62,224
0db783,santos,11076.55,132
7b07b3,sao paulo,11074.64,93
1c5e4e,santos,11062.72,12
624f4e,sao paulo,10927.37,53
06532f,paincandu,10918.74,8
18a349,sao paulo,10909.56,121
700861,canoinhas,10860.05,127
73a63f,curitiba,10785.79,29
054694,itajobi,10703.75,21
588282,caxias do sul,10664.81,14
b92e3c,uba,10645.3,62
cb8bcc,santa rita do sapucai,10635.02,68
9596c8,varginha,10615.33,22
173065,bariri,10600.63,29
a49928,sao paulo,10574.25,98
7b1222,sao jose do rio preto,10561.09,22
048c27,franca,10551.06,51
f27e33,sao paulo,10482.25,93
5b8154,sao jose dos campos,10474.98,38
0bae85,itajai,10406.4,137
b2ac62,curitiba,10356.89,30
e96498,sao paulo,10332.19,34
febab0,pedreira,10289.17,109
8e8a7c,sao goncalo,10284.82,65
b1a812,carazinho,10250.2,51
972d0f,brusque,10240.59,83
d98eec,porto alegre,10225.31,168
b1fc4f,sao goncalo,10140.99,107
5f2684,sao paulo,10123.06,68
3c487a,gama,10105.35,30
961dff,rio de janeiro,10082.56,4
05feb9,mogi das cruzes,10050.04,6
640e21,ibitinga,10045.12,116
e7df4c,sao paulo,10022.07,23
7a2419,jacutinga,10018.1,62
270297,sao paulo,9968.5,18
6d803c,sao joaquim da barra,9925.07,58
7d456a,mogi das cruzes,9857.87,56
2dee2c,sinop,9844.56,54
a00824,bofete,9779.46,3
307809,scao jose do rio pardo,9700.9,59
4371b6,sao paulo,9678.79,102
ebd2d6,lencois paulista,9675.02,84
d03698,ilheus,9644.62,18
6c12e4,castro,9624.26,16
06df0c,maringa,9595.77,26
db2956,sao sebastiao,9574.27,47
2089a6,sao carlos,9525.94,44
8a432f,presidente prudente,9520.11,95
aac29b,uberlandia,9465.52,98
33a17d,porto alegre,9431.86,43
375156,dracena,9417.7,228
750303,goiania,9394.81,54
6c177e,curitiba,9376.53,55
af4a0e,mateus leme,9351.6,21
fdb909,sao paulo,9289.37,46
609e1a,brusque,9282.42,87
ad7815,sao jose do rio preto,9279.26,44
a2e874,sao jose do rio preto,9274.8,44
fcb5ac,guarulhos,9273.33,62
b18dc3,diadema,9248.93,44
93dc87,belo horizonte,9206.29,35
4bfc7a,sao paulo,9191.59,26
b4ffb7,sao paulo,9176.07,144
725c32,sao paulo,9166.66,89
7722b1,sao bernardo do campo,9165.3,134
403aa8,belo horizonte,9164.51,11
bd0389,brasilia,9128.47,87
8e6cc7,araguari,9115.41,106
903037,sao paulo,9083.28,45
08633c,ribeirao pires,9068.82,74
52d765,novo hamburgo,9042.36,19
0432ea,maua,8999.62,85
8648b1,jacarei,8946.05,95
26d8a1,apucarana,8945.78,36
784ba7,sao paulo,8924.95,21
989bec,curitiba,8893.33,18
6fd52c,sao paulo,8881.58,67
257e61,apucarana,8806.18,12
5d0363,atibaia,8802.97,94
5b925e,sao paulo,8801.84,63
4e17c6,suzano,8794.8,61
8a32e3,sao paulo,8792.04,132
dbb9b4,sao paulo,8768.26,108
b410bd,goiania,8733.61,44
062ce9,lajeado,8721.44,55
e33304,ipaussu,8699.32,68
1da366,uba,8673.73,43
1127b7,campinas,8673.04,114
ececbf,franca,8661.06,98
397c4d,santo andre,8622.37,5
bbf9ad,fortaleza,8622.26,14
2c9e54,mogi das cruzes,8603.05,126
3bb548,maringa,8586.81,46
058fd0,santo andre,8555.8,61
a420f6,sao paulo,8543.27,67
cc63f0,sao jose do rio preto,8496.68,55
67883b,sao paulo,8496.02,19
52f976,california,8492.65,6
42bde9,brasilia,8487.84,35
86bb7c,franca,8487.22,16
8fb791,sao paulo,8483.35,5
d51e0a,pompeia,8463.02,19
4aba39,arraial d'ajuda (porto seguro),8435.21,29
282f23,belo horizonte,8386.96,99
6a51fc,marilia,8370.25,26
6bd691,sao paulo,8359.02,5
381c83,curitiba,8355.01,46
e2aee0,rolandia,8317.29,38
aced59,sao paulo,8315.8,61
c26a2b,nova friburgo,8288.85,13
54065e,rio de janeiro,8283.43,14
34056b,penapolis,8229.89,78
6a8b08,bebedouro,8196.96,127
dbdd0e,fortaleza,8174.8,16
e0a366,sao paulo,8145.17,43
cee488,guaruja,8125.52,39
b14db0,sorocaba,8123.95,83
7bac63,sao paulo,8114.6,19
847624,campo bom,8113.03,12
516e77,rio de janeiro,8109.32,76
b34767,curitiba,8051.34,21
670c26,maringa,8035.63,78
d13e50,santo andre,8012.84,67
113052,uba,7973.21,35
dee656,cruzeiro,7968.67,93
f84a00,rio de janeiro,7951.76,90
6fa920,sorocaba,7939.25,3
080102,belo horizonte,7912.71,124
58f1a6,conselheiro lafaiete,7903.69,44
688756,guarulhos,7901.45,83
f1fd5a,curitiba,7877.96,15
fa1a9d,icara,7875.71,55
bacb1f,jacarei,7833.39,42
6b243f,curitiba,7807.4,79
f25e23,sao paulo,7785.48,8
d62412,curitiba,7768.5,23
8c16d1,blumenau,7754.67,108
512d29,rio de janeiro,7723.87,11
87e24f,sao paulo,7709.86,8
751bdc,ribeirao pires,7703.74,54
dd55f1,sao paulo,7701.18,35
376a89,goiania,7693.63,57
014c06,timoteo,7686.31,14
d9bd94,sao paulo,7682.11,54
83e197,mage,7680.06,47
ff1fb4,mogi das cruzes,7666.95,46
63b464,sao paulo,7662.25,37
542198,sorocaba,7579.55,5
31ae07,americana,7570.67,11
57e632,navegantes,7558.04,62
f46490,guarulhos,7550.67,83
30829d,parai,7549.71,18
b19f3c,divinopolis,7549.55,24
961635,umuarama,7490.57,92
3340ef,maringa,7481.55,32
ade459,umuarama,7479.63,10
e5e33c,bauru,7477.33,28
679769,ipatinga,7467.39,21
ba143b,sao paulo,7453.59,85
a4b6b9,florianopolis,7452.36,7
7dc8c4,sao paulo,7445.09,41
05d217,alfenas,7438.93,62
5b6788,umuarama,7432.42,27
0873d9,barueri,7426.65,6
2a261b,porto ferreira,7396.73,51
069114,londrina,7359.45,47
6f892e,sao paulo,7342.86,44
b8630e,duque de caxias,7334.1,12
b3b17a,londrina,7325.35,7
40d54b,santo andre,7323.25,30
3ade81,sao jose do rio preto,7302.99,30
4c03b9,campo limpo paulista,7302.33,48
bd4889,sao paulo,7256.54,36
3be634,sao paulo,7226.65,83
cfa5ab,uba,7219.81,16
5670f4,sao paulo,7212.65,22
02f623,botucatu,7207.63,44
ff4ea6,guarulhos,7188.62,9
455c56,luiz alves,7186.89,8
ea6732,ibitinga,7180.28,32
537eb8,rio de janeiro,7178.9,160
33dd94,vila velha,7168.41,5
91f848,sao paulo,7168.16,63
4b5f66,vendas@creditparts.com.br,7115.96,23
e3b499,sao paulo,7114.69,3
e8b422,novo horizonte,7086.13,31
a63bfb,niteroi,7036.19,7
67bf69,curitiba,7029.68,16
33c519,londrina,7025.88,18
b2479f,ibitinga,6992.22,103
b6d447,santo andre,6935.2,62
80ceeb,londrina,6922.21,1
e9d998,sao paulo,6916.06,130
f12ff1,sao paulo,6892.73,29
50c997,claudio,6883.95,50
2fdde5,joinville,6874.14,10
0bf015,sao paulo,6872.34,39
dfc5fb,sao bernardo do campo,6845.98,33
abe021,curitiba,6837.24,2
eb3071,sao paulo,6811.42,9
bba742,betim,6760.44,36
3df020,jales,6749.47,55
b4a476,itapevi,6735.95,33
ee27a8,goiania,6726.66,1
98dac6,sao paulo,6675.37,91
9baf5c,indaiatuba,6673.4,32
f4c4da,cascavel,6671.2,20
f18173,carapicuiba,6632.75,36
4917ce,blumenau,6621.54,33
45ba18,sao roque,6562.09,38
dfa0c4,florianopolis,6544.21,77
94e93c,votuporanga,6542.72,30
252874,jundiai,6508.7,5
dbd662,sao paulo,6472.77,85
0d85bb,uberlandia,6469.7,51
23613d,porto ferreira,6460.76,70
7d76b6,sao paulo,6431.54,176
d6b664,araraquara,6404.34,6
02d352,natal,6399.95,14
52ac6f,pinhais,6383.89,6
fc9062,belo horizonte,6383.28,114
709e16,birigui,6378.86,60
e62b2d,sao paulo,6375.47,62
1336ef,assis,6355.29,74
04aa0a,cosmopolis,6339.51,11
f84fa5,indaiatuba,6326.7,91
817245,bauru,6303.08,29
967475,sao paulo,6284.83,86
83deb6,florianopolis,6276.65,40
afe006,lagoa da prata,6255.85,46
b39d7f,ibitinga,6255.77,44
06579c,sao paulo - sp,6226.61,62
23c38d,votorantim,6216.56,41
abcd2c,cuiaba,6200.62,45
7e3f87,sao paulo,6193.7,92
575df7,sao jose do rio preto,6163.42,27
1bb2bd,sao paulo,6149.27,81
0cbcee,tres coracoes,6141.31,39
d566c3,sao paulo,6124.92,65
835f0f,sao paulo,6094.03,44
d66c30,ribeirao das neves,6085.7,41
f680f8,carapicuiba,6077.34,45
cc3d14,curitiba,6060.59,27
8bb48d,assis,6048.12,82
e067ad,santos,6047.91,54
f67efa,curitiba,6030.17,31
0176f7,ibitinga,6020.11,38
c35aff,sao paluo,5993.92,9
9add47,fazenda rio grande,5987.28,43
916c9d,curitiba,5973.78,23
f7496d,sao paulo,5932.51,26
acce39,contagem,5923.66,44
8b9d6e,mesquita,5916.98,49
099095,sao paulo,5909.15,17
e06f09,sao paulo,5901.41,29
3ab971,sao paulo,5899.05,36
2ff972,salto,5866.03,89
3c7c4a,sao paulo,5858.3,141
5b179e,sao paulo,5839.14,34
30a2f5,santa barbara d'oeste,5815.36,71
b56192,sao paulo,5807.03,85
bbad7e,sao paulo,5800.42,69
55d3da,sao paulo,5790.48,21
d63c73,piracicaba,5766.59,2
c4af86,mogi das cruzes,5760.96,4
02ecc2,santo andre,5742.4,21
45d33f,sorocaba,5742.16,59
f789d2,juiz de fora,5733.24,44
cac4c8,indaiatuba,5722.54,75
d20b02,ibitinga,5715.17,90
1a932c,sao paulo,5701.45,20
5bffba,nilopolis,5694.2,21
822bad,balneario camboriu,5687.34,18
582d4f,bertioga,5683.93,59
fcdd82,ribeirao preto,5665.74,16
3f0e48,curitiba,5654.8,9
fad449,rio de janeiro,5636.88,32
2a7dc4,sao paulo,5629.62,52
ad420d,fronteira,5618.4,42
11bfa6,ribeirao preto,5608.54,76
e0878e,curitiba,5594.91,27
a3f0b5,curitiba,5577.74,24
cc5a78,divinopolis,5573.35,33
ef990a,joinville,5557.24,43
822166,tres rios,5535.95,69
4bf2f4,assis,5501.01,29
d379f4,divinopolis,5499.8,28
d673a5,ibitinga,5499.56,79
834f85,sao paulo,5496.31,43
951e8c,ibitinga,5493.09,64
e9c696,sao paulo,5481.98,10
4d0041,juiz de fora,5465.49,8
891071,sao paulo,5454.35,92
0ef83d,curitiba,5447.81,48
42b729,sao paulo,5434.07,104
c68fb9,jaboticabal,5433.61,45
8bd0f3,sao paulo,5423.32,33
db4350,sao paulo,5421.64,137
a3dd39,salvador,5412.16,34
4c498c,carapicuiba,5389.76,48
452138,araras,5389.16,14
503c1d,sao paulo,5321.9,22
686015,capivari,5318.23,74
715bbd,serra negra,5315.88,62
beadbe,guarulhos,5311.52,64
65febd,sao paulo,5301.14,35
ce69a8,curitiba,5289.05,19
c12b92,garca,5252.84,17
c9a06e,brasilia,5229.62,14
eed78a,botucatu,5195.84,22
d12c92,sao paulo,5192.82,78
990022,cuiaba,5188.33,36
050904,belo horizonte,5183.1,89
9df575,sao leopoldo,5176.3,11
b17b67,ribeirao preto,5160.82,55
232a60,cafelandia,5133.27,33
f0b47f,maua,5132.19,68
6fc26f,fernandopolis,5128.06,35
1fe554,paraiba do sul,5118.75,20
822b63,mogi guacu,5097.07,8
8931a8,sao paulo,5092.89,29
b90e89,sao jose dos pinhais,5081.31,34
5c0300,sao jose,5079.9,7
8a1307,sao paulo,5064.32,56
6ec1a0,santos,5063.76,31
bccf93,assis,5047.21,45
31da95,araras,5032.71,29
99a547,sao paulo,5026.26,45
15aac9,muqui,5019.6,25
37dd29,limeira,5016.43,7
827f8f,curitiba,5003.96,91
0307f7,sao jose do rio preto,5003.57,7
8f580d,ribeirao preto,4993.4,8
e81e1f,curitibanos,4979.49,17
382229,rio de janeiro,4966.62,46
6b3bd3,rio de janeiro,4955.92,36
fde0cc,curitiba,4921.27,35
3c03b1,sao joao de meriti,4919.77,37
1b938a,penapolis,4897.83,30
cb41bf,sao paulo,4888.68,12
c840d3,curitiba,4881.93,9
b76dba,sao paulo,4881.88,159
ec8879,itatiba,4881.38,36
968268,sao paulo,4880.84,12
2addf0,brasilia,4877.64,12
f6122b,barueri,4874.36,3
c004e5,sao paulo,4874.32,2
55a5b5,sao joao del rei,4849.38,39
e49c26,brejao,4829.71,35
f3da5b,sao paulo,4826.86,79
95f83f,borda da mata,4826.51,52
8f119a,barueri,4826.45,77
6288c6,santo andre,4812.48,22
43f8c9,carapicuiba,4807.22,41
9803a4,rio verde,4791.38,11
2e3be8,belo horizonte,4777.55,18
520b49,santos,4762.87,63
cd6efc,rio de janeiro,4757.16,31
13d058,osasco,4755.88,23
f76a3b,sao paulo,4748.98,24
3f3486,sao paulo,4726.57,40
180c33,sao paulo,4722.97,5
81f89e,presidente prudente,4721.18,46
13fa2a,sao paulo,4719.44,9
602044,ibitinga,4677.44,50
1eade4,sao paulo,4673.71,58
f97e2b,santo antonio de posse,4665.98,16
c50036,paulinia,4658.39,9
8cbac7,jaragua do sul,4654.35,67
bf3c6d,sao paulo,4648.15,35
2199e7,registro,4647.78,25
6a0cbc,batatais,4639.42,35
4d600e,entre rios do oeste,4633.46,8
3f995f,itapecerica da serra,4627.2,43
406822,tatui,4596.34,45
d5ba41,sao paulo,4581.51,34
681fce,araucaria,4571.8,23
271c58,sao paulo,4568.71,29
8ed8ea,blumenau,4562.97,19
f4aba7,sao paulo,4557.5,110
6b333a,brasilia,4554.88,12
e883aa,itapevi,4554.46,26
238fac,dois corregos,4545.52,29
336127,maringa,4540.9,29
f021c9,itajai,4533.87,5
1fdc57,limeira,4524.27,18
455969,presidente prudente,4474.27,42
7f1523,criciuma,4471.92,20
56642b,sao paulo,4471.79,48
f00e21,andradas,4471.06,31
282c74,sao paulo,4466.31,5
02f583,curitiba,4463.88,30
66dc1b,jau,4449.26,37
14d798,santo andre,4441.0,37
870d01,pocos de caldas,4428.03,45
38e679,londrina,4418.1,28
6bb072,cotia,4416.52,17
1b8356,sao paulo,4413.61,56
070d16,sao paulo,4396.75,32
3d8fa2,sao paulo,4390.55,43
79ed75,rio claro,4366.66,23
edf96e,sao paulo,4365.78,25
96804e,ibia,4365.76,38
2745f7,sao paulo,4364.99,32
42fa4e,caxias do sul,4364.47,22
3c4e04,colombo,4352.52,32
9b1585,rio de janeiro,4349.04,3
ed4311,guarulhos,4342.81,25
6481e9,sorocaba,4340.86,32
8b2492,sao goncalo,4336.26,29
276677,belo horizonte,4320.64,33
4c1869,sao paulo,4316.51,63
2e13c7,sao paulo,4310.21,24
e8f6dc,sao paulo,4308.02,36
23a0ff,sao pedro,4304.28,23
8c3b53,belo horizonte,4301.77,5
809049,sao paulo - sp,4298.03,26
a44fb5,porto alegre,4292.71,19
c731d1,concordia,4272.65,24
df5603,loanda,4267.33,28
a0415d,nova iguacu,4247.98,10
9646c3,sao jose dos campos,4247.32,71
5f5b43,sao paulo,4232.65,27
2d2c62,ribeirao preto,4230.48,16
994f04,jaguariuna,4221.21,49
e7d5b0,santo andre,4220.42,28
f35b3c,sao paulo,4214.29,9
643214,sao paulo,4199.78,66
2a167c,sao paulo,4197.62,2
08cdba,uba,4195.46,4
bede56,valinhos,4184.77,2
21e838,uberlandia,4182.53,14
5d3bb1,assis,4178.82,31
3bdff1,sao paulo,4161.86,59
71039d,sao paulo,4158.65,35
e70053,sao paulo,4158.58,7
38874e,itaquaquecetuba,4158.43,6
2d50d6,ibitinga,4151.52,44
33ac3e,cotia,4151.12,34
594f9a,contagem,4136.41,37
5d9dc9,santana de parnaiba,4131.27,12
d57e18,sao paulo,4111.19,61
c0563d,santo andre,4094.68,28
77e4ab,brasilia,4092.21,18
1838dd,belo horizonte,4075.88,64
b1fecf,campo grande,4066.72,19
6b90f8,guarulhos,4059.73,45
cfd7dd,contagem,4058.11,12
f0837c,arvorezinha,4049.36,22
a2b5b6,osasco,4009.34,16
3c0102,mandirituba,4005.32,15
7f2617,sao paulo,3983.27,22
dd533b,barretos,3970.98,41
4da0e4,cornelio procopio,3964.73,44
b1ac6e,canoas,3964.33,40
432c37,brasilia,3938.54,46
eb4df1,paulinia,3925.46,11
f7ccf8,ibitinga,3910.44,70
f4db9b,itaquaquecetuba,3909.94,21
a17f62,sorocaba,3901.54,65
ec80e4,limeira,3897.31,12
c9aafc,sao paulo,3885.9,44
1d0997,recife,3873.57,3
0c7533,valinhos,3863.51,61
960945,sao paulo,3861.53,28
8ff38b,sao paulo,3859.56,2
aae3bf,santo andre,3857.17,48
3364a9,porto velho,3853.85,6
3b872f,ibitinga,3843.11,25
4677a5,japira,3835.7,11
e48b04,curitiba,3832.73,25
218f99,sao paulo,3819.54,14
f32600,fernandopolis,3813.18,9
5f1dc2,sao paulo,3803.46,62
c8b344,sao paulo,3800.79,30
244c2f,mogi das cruzes,3794.87,23
977f9f,tabatinga,3793.85,24
a93832,nilopolis,3791.81,24
f2336e,sao paulo,3762.08,4
54c04b,florianopolis,3757.78,18
5bc24d,campo do meio,3736.53,17
cb3dd9,sao paulo,3725.71,50
52562a,parnamirim,3710.64,14
bce6a5,guarulhos,3706.5,14
430315,sao paulo,3704.63,20
cce6ab,curitiba,3690.14,63
cb5df0,bady bassitt,3689.21,16
ed46f1,indaial,3686.68,4
5c6d40,sao paulo,3673.17,32
0ebd97,contagem,3661.68,31
a6fe7d,franca,3647.42,51
e89c4a,indaiatuba,3636.15,24
318f28,sao paulo,3634.6,52
2a1348,belo horizonte,3631.4,52
b85553,sao bernardo do campo,3630.03,26
c64a2a,imbe,3628.17,9
6750d7,rio bonito,3626.5,6
d93919,mombuca,3624.01,33
244b04,jundiai,3616.51,3
c394e1,sao paulo,3611.44,3
afa671,descalvado,3603.58,16
585175,montes claros,3602.47,1
ae7ab1,arapongas,3574.06,6
974cf2,araraquara,3559.68,33
20d83f,sao paulo,3557.21,40
d17f46,caxias do sul,3556.55,12
5b5103,borda da mata,3548.95,12
aeb36d,santo andre,3548.1,4
f59389,pedreira,3541.12,20
8d79c8,caucaia,3535.16,27
bb7a14,rio de janeiro,3519.45,11
f61c63,pilar do sul,3501.69,26
b335c5,araguari,3480.72,33
177129,guarulhos,3466.43,28
fce620,sao paulo,3452.63,4
2156f2,sp,3433.89,22
55f7a3,osasco,3420.45,22
f7720c,curitiba,3418.97,60
1ce3ae,jaguaruna,3416.69,40
bd697d,sao paulo,3415.2,22
a1474f,pinhais,3413.52,12
5bc55d,coronel fabriciano,3409.38,17
3fd1e7,araraquara,3394.42,37
5cbbd5,pinhais,3385.21,36
49e721,formiga,3378.31,13
d25aa0,massaranduba,3373.13,17
e99e92,uberlandia,3360.47,22
5b3513,rio de janeiro,3350.29,7
cd0660,sao paulo,3335.33,44
31561f,sao paulo,3329.36,36
fd386a,sao paulo,3316.17,69
4305fe,coronel fabriciano,3314.25,19
33576e,curitiba,3287.98,31
51702d,conchal,3287.04,13
efcd8d,aracatuba,3280.19,47
730937,rio claro,3277.17,22
850913,atibaia,3270.96,32
b49489,sao paulo,3270.82,20
ede0c0,ribeirao preto,3269.87,46
df56d7,cascavel,3251.5,22
60562a,sao paulo,3247.09,17
d9e8c0,sao paulo,3231.86,9
d93844,curitiba,3229.52,12
3cfa13,sao bernardo do campo,3221.53,5
4992e7,sao paulo,3218.57,57
4c8545,fernandopolis,3216.31,4
a369d6,sao jose do rio preto,3213.79,11
8ab42a,goiania,3210.39,20
6338ea,farroupilha,3210.39,37
ffa6ad,londrina,3206.98,18
fec627,nova friburgo,3195.67,9
f44b6f,sao paulo,3188.24,10
199694,pradopolis,3183.43,10
be9a16,jaragua do sul,3182.52,7
4342d4,rio de janeiro,3163.31,20
0885aa,ferraz de vasconcelos,3162.32,28
612a74,curitiba,3162.15,2
56e361,guarulhos,3155.76,5
1987cd,ouro fino,3135.23,14
8f54d6,ipatinga,3133.12,15
157c3e,sao paulo,3131.82,23
9906e7,maringa,3115.6,12
13074f,bento goncalves,3111.7,14
9c068d,coxim,3108.83,17
62c50c,sao paulo,3096.03,14
82bd07,marilia,3084.84,21
d32e39,jundiai,3078.9,10
820cc7,maringa,3078.77,15
b1204c,guarulhos,3078.15,7
78744a,recife,3068.85,6
d3dcf0,sao paulo,3067.41,9
082e0b,botucatu,3064.33,11
b74d1c,rio de janeiro,3053.2,31
ccf881,taubate,3051.29,26
f125f3,sao paulo,3049.29,16
3504c0,maua,3037.31,53
5a93f3,monteiro lobato,3035.39,39
0bb738,sao roque,3030.64,30
1d4587,sao paulo,3027.54,42
dd58ee,curitiba,3023.31,2
f214d2,sao paulo,3021.52,54
606ce7,campinas,3018.86,5
e908c0,sao paulo,3009.53,1
b56906,echapora,2995.42,40
6f229c,rio de janeiro,2988.68,13
5abb8e,joinville,2987.2,13
f805b9,maringa,2986.87,7
fe26f3,sao paulo,2971.55,7
052577,rodeio,2970.42,4
d3f39f,mococa,2968.77,34
47efca,teresina,2965.32,12
f1b936,sao jose dos campos,2959.28,8
cac876,cascavel,2958.79,27
323ce5,sao paulo,2955.67,30
4b0fdb,ibitinga,2954.21,18
116ccb,sao bernardo do campo,2948.33,61
888faa,braco do norte,2945.0,19
daeb56,belo horizonte,2938.06,40
bc3027,campinas,2930.17,11
655220,diadema,2926.53,13
04aba0,santo antonio de padua,2922.33,16
2c4c47,buritama,2917.37,12
5160d2,sao bernardo do campo,2915.42,34
0725b8,guarulhos,2905.99,17
41ab63,belo horizonte,2874.22,12
491a5a,sao paulo,2873.81,2
f1c1ac,sao paulo,2864.78,4
4e8dac,sao paulo,2861.11,10
3a734b,osasco,2859.16,18
8a8761,curitiba,2855.12,13
fdaaf5,sao jose do rio preto,2848.32,10
bb5bd9,sao paulo,2846.64,16
8603f0,garopaba,2845.12,10
1c4034,limeira,2839.42,21
7fc87c,guarulhos,2835.82,14
7238a9,limeira,2835.11,15
cea729,sao paulo,2831.62,24
ea6b12,guarulhos,2831.32,11
0ed6ce,americana,2829.25,43
ffdd9f,curitiba,2828.66,18
c013e5,sao carlos,2828.66,42
e9511d,bauru,2823.1,22
458d86,porto alegre,2822.75,2
1444c0,lauro de freitas,2818.74,1
698957,curitiba,2799.5,7
1b7e50,sao paulo,2785.96,11
14a082,sao paulo,2779.1,28
729b2d,mineiros do tiete,2768.66,49
fe49ee,osasco,2752.44,17
f615fe,atibaia,2748.96,23
0015a8,santo andre,2748.06,3
0ffa40,presidente prudente,2746.47,33
8f78f0,tiradentes,2745.95,13
e38db8,brasilia,2737.55,30
6df688,belo horizonte,2733.56,40
9a84ba,luziania,2720.93,16
5eeb9c,ribeirao preto,2718.74,9
df9191,sao paulo,2707.12,14
c2d70c,sao paulo,2699.92,13
de0c78,vargem grande paulista,2697.83,14
4978a0,sao paulo,2696.84,18
78c99c,marilia,2695.77,31
1354d5,sao paulo,2694.72,18
ed8590,londrina,2690.64,7
fb89df,foz do iguacu,2687.43,22
dc8798,sao paulo,2680.7,41
cfe944,sao paulo,2672.82,20
a08692,sao paulo,2660.91,6
acadd4,santa rosa de viterbo,2646.94,12
6bbcb8,blumenau,2646.83,10
d06d01,cotia,2641.44,17
fa74b2,presidente prudente,2635.68,11
3d39fb,campinas,2634.83,8
768332,birigui,2630.68,2
7f7b82,mogi mirim,2630.23,38
7b8e8e,tubarao,2616.3,5
c6381d,portao,2614.26,15
77a515,diadema,2613.58,26
cd843d,juiz de fora,2612.56,5
34f563,campo bom,2578.5,8
412a47,campinas,2569.16,21
b83ced,sao paulo,2568.75,24
723cd8,ibitinga,2549.63,11
3481aa,capivari,2547.17,25
91f0ee,tubarao,2545.26,11
cf2384,serra negra,2534.94,16
9bcdfa,blumenau,2523.79,14
120476,angra dos reis,2519.63,4
e6a69c,sao paulo,2518.94,24
8bdd8e,sao paulo,2515.55,11
30c7f2,niteroi,2503.16,7
0417b0,sao bento do sul,2501.75,13
17908c,anapolis,2495.41,11
1b1ae4,bocaiuva do sul,2490.4,11
165b12,ribeirao preto,2489.8,11
4391ea,porto alegre,2484.3,3
2be17d,tubarao,2477.55,16
bf8405,sao paulo,2477.32,36
f5f2ab,porto ferreira,2474.55,18
272f09,sao paulo,2471.34,26
2f09f7,ribeirao preto,2468.41,11
53d00c,ibitinga,2462.07,17
4c8b80,ibitinga,2458.81,23
8fe878,paulo lopes,2456.44,5
3e8bd8,rio de janeiro,2450.25,9
e5475d,diadema,2443.22,19
8ca155,campo largo,2442.94,11
c84679,pocos de caldas,2442.74,30
6b536a,niteroi,2437.97,19
373ee4,rio de janeiro,2431.81,13
07bf96,sao paulo,2422.22,18
93b9a9,mairipora,2420.11,20
9dda5b,santa rita do sapucai,2419.33,19
6aa392,nova iguacu,2410.68,18
72bc2c,sao paulo,2404.97,17
abbf60,xanxere,2393.14,7
55bb6f,bauru,2393.02,15
54583a,sao bernardo do campo,2391.08,10
5debea,apucarana,2388.13,25
6a3808,anapolis,2381.35,15
3a1a1f,sao paulo,2378.63,15
5b5814,florianopolis,2376.3,12
d97df3,sao caetano do sul,2362.92,29
f41ce2,guarulhos,2362.6,27
25cf09,cotia,2359.55,50
e5f9e6,brusque,2353.44,4
3586b8,araraquara,2352.35,36
87d30a,sao paulo,2349.91,17
747e73,vitoria de santo antao,2341.76,3
7ade73,bauru,2338.17,27
bf100e,sao jose dos pinhais,2337.01,20
65b081,morrinhos,2326.67,19
4e5725,ribeirao preto,2313.2,22
3a4127,sao paulo,2310.95,6
95ec44,limeira,2303.43,27
ea65d8,campinas,2292.22,9
7fdb07,toledo,2288.31,9
1dc2de,ibitinga,2287.5,25
e2c92f,sao jose do rio preto,2286.61,14
bc2ac6,campinas,2279.56,18
5075aa,pocos de caldas,2270.52,13
2a6fbe,jaragua do sul,2265.28,30
ffeee6,mirassol,2259.55,14
c84178,sao paulo,2255.44,26
e24d34,sao paulo,2250.7,19
7139dc,amparo,2247.93,22
f63d8f,votorantim,2246.95,17
5b33b5,paranavai,2238.34,16
3ca08e,curitiba,2235.1,14
d6ab72,sao paulo,2233.82,12
a36b12,ribeirao preto,2232.63,24
dfc475,curitiba,2228.07,19
392e05,cerqueira cesar,2227.59,20
9449f2,rio de janeiro,2225.84,10
198c7e,jacutinga,2225.38,25
adcf50,claudio,2223.8,19
fac1a9,sao paulo,2222.91,9
3bfba5,londrina,2218.19,4
1782ce,taboao da serra,2218.17,9
c679fb,caxias do sul,2213.89,14
3d2531,contagem,2212.6,10
1690ca,sao paulo,2211.38,11
9b00ed,sao paulo,2203.36,47
715926,sao jose do rio preto,2200.55,6
731ef2,lages - sc,2197.6,2
1b8b75,sao paulo,2195.61,19
1976a0,assis,2190.66,8
15cd6e,ouro preto,2188.86,16
411f3b,ribeirao pires,2182.72,21
a5a1bf,socorro,2160.85,21
d9a84e,sao paulo,2157.34,54
8de8fe,sao paulo,2155.35,1
112453,sao paulo,2154.77,7
d1ef48,apucarana,2144.69,29
5ab05b,assis,2142.85,10
1dfe53,ibitinga,2129.73,21
c4fb51,curitiba,2126.61,15
ec4608,porto ferreira,2121.36,18
91f577,barra mansa,2117.09,6
f5f1f2,taruma,2115.83,12
058cb5,rio de janeiro,2107.42,12
d3674f,brasilia,2101.82,20
f9903d,blumenau,2101.48,10
3935fe,sao paulo,2101.35,16
5b8580,presidente prudente,2097.36,12
013900,curitiba,2089.37,23
ffc470,guarulhos,2087.13,28
74bafe,sao paulo,2084.73,3
75fbb5,goiania,2074.51,40
c5f7fe,sao caetano do sul,2058.46,11
7ecd59,brasilia,2054.52,24
845e80,rio de janeiro,2045.24,21
b2a6d3,sao paulo,2038.59,25
3785b6,ampere,2033.27,21
8ec76b,criciuma,2028.75,1
002100,franca,2028.16,51
a70e90,mandaguari,2027.4,2
656591,santo andre,2021.2,7
293dee,brasilia,2019.22,8
2a61c2,santo andre,2013.13,18
901b46,porto alegre,2012.56,5
f1ed6b,porto alegre,1996.58,17
758691,rio de janeiro,1994.93,11
5b0cc9,ibitinga,1994.09,12
3092c0,aruja,1983.99,19
15fa79,sao paulo,1983.29,8
e63e8b,guarulhos,1979.17,42
094ced,ribeirao preto,1978.23,19
718539,campinas,1977.95,37
817831,sorocaba,1977.58,13
ca4b77,sando andre,1973.62,14
406740,vitoria,1972.08,8
c3e1ab,mogi guacu,1967.58,13
1ca4bd,cataguases,1963.08,4
4b1eaa,ribeirao preto,1962.82,8
dd4d95,cachoeiro de itapemirim,1962.41,4
a4bd6e,rio de janeiro,1960.97,4
52f0fe,sao paulo,1960.9,21
39d54f,sao paulo,1956.99,23
8378eb,itajai,1956.67,7
2ff6b7,londrina,1955.12,7
fa3a0b,sao jose dos pinhais,1953.41,7
df0f42,itajai,1946.45,14
d5b9a0,santo andre,1945.29,7
0b18d6,sp,1944.03,9
8a2d12,curitiba,1933.62,18
d354c3,aperibe,1926.18,18
26e2c9,ibitinga,1923.87,12
0ac420,sao paulo,1910.87,13
edc518,guarulhos,1909.55,6
6ddc28,sao paulo,1900.09,11
e64d65,rio claro,1899.96,12
66fd84,campina das missoes,1891.3,11
8daab2,sao paulo,1888.64,16
77fcca,campos dos goytacazes,1888.44,11
8a1ff5,sao  jose dos pinhais,1882.8,2
659e84,eunapolis,1880.0,11
af3ef4,araraquara,1873.13,21
5f67c6,maringa,1871.03,13
866558,arapongas,1870.75,5
b33aaa,limeira,1863.04,16
0887a9,cananeia,1862.35,12
06bb3a,belo horizonte,1862.33,17
2709af,sao paulo,1859.02,26
8b87cd,sao paulo,1853.9,5
7a2d29,curitiba,1850.23,11
3771c8,sorocaba,1842.26,26
d4e12e,sao paulo,1839.67,29
02c988,americana,1836.95,13
f91854,sao paulo,1830.15,20
41b86b,sao paulo,1829.91,10
bafc5a,belo horizonte,1829.47,9
f3c38a,sao paulo,1828.59,15
4bf658,sao jose do rio preto,1824.56,2
1660ad,sao bernardo do campo,1818.28,12
cbf09e,sbc/sp,1815.4,10
138dbe,sao paulo,1814.8,49
04e38a,sao paulo,1811.27,23
e256a6,curitiba,1809.55,12
02dcd3,contagem,1804.07,14
081acf,vespasiano,1802.8,4
97512d,sao paulo,1800.42,12
53b030,indaiatuba,1799.46,5
01bcc9,uruacu,1798.87,11
a23266,porto alegre,1791.44,11
cb810b,niteroi,1789.02,1
f23541,bariri,1788.34,3
d8c7ba,floresta,1788.34,22
fe701d,marica,1787.94,11
44f091,sao paulo,1787.71,6
817f85,tiete,1783.89,11
01fd07,ribeirao preto / sao paulo,1783.36,31
6806da,guaratuba,1783.26,10
d2e753,porto seguro,1774.94,14
5f3ae9,sao paulo,1773.76,43
ffff56,campinas,1770.86,20
5b97c0,joao pinheiro,1769.59,4
78a4d3,bauru,1768.9,7
6b1c4d,porto alegre,1759.04,1
83b08d,rio de janeiro,1758.38,5
b0f2a6,curitiba,1758.28,6
2e1a7d,sao paulo,1750.55,19
6eb94e,jundiai,1749.77,10
e7f3bf,ubatuba,1747.69,18
0eaa7e,santo andre,1746.9,15
7813ea,osasco,1745.99,9
5e105f,sao jose do rio preto,1745.73,8
7e26c7,belo horizonte,1733.18,23
d4ffeb,atibaia,1724.81,11
431050,sao paulo,1720.95,12
f08c00,santa terezinha de itaipu,1714.69,22
b6e150,piracicaba,1710.37,14
70f846,sete lagoas,1704.44,5
3a490b,belo horizonte,1695.07,8
a41455,sao paulo,1693.59,7
a1040e,jundiai,1693.31,1
427165,americana,1692.9,5
671585,curitiba,1692.11,27
b8114f,sao bernardo do campo,1692.03,8
863d2e,rio de janeiro,1691.17,18
4d232b,belo horizonte,1689.99,5
9a03a4,catanduva,1682.22,7
57c764,ribeirao preto,1681.11,29
b9ca8e,sao paulo,1677.95,14
8ff1a9,marilia,1677.81,13
9f5021,taubate,1671.1,17
81336a,sao carlos,1670.88,16
4ba52d,mogi das cruzes,1667.91,11
542917,curitiba,1667.08,20
ec9332,sao paulo,1662.85,8
20cb7c,andira-pr,1660.28,32
c5f7e7,curitiba,1658.92,10
714b9a,monte alto,1658.09,6
514509,curitiba,1657.45,4
42ef31,santo andre,1655.97,23
9b522b,sao paulo,1655.65,4
f5f463,rio do sul,1654.32,9
134285,sao paulo,1653.63,3
128f9b,atibaia,1650.49,14
b9a034,formosa do oeste,1644.08,10
921323,sao paulo,1642.2,15
1dd33b,sao paulo,1641.74,8
850857,cascavel,1638.72,1
47648c,diadema,1632.99,3
5a425c,londrina,1630.1,15
52f9db,echapora,1628.54,22
2dcf93,sao jose dos campos,1622.44,9
49cdc9,sao paulo,1622.11,5
490674,juiz de fora,1621.5,17
a5259c,ji parana,1621.13,8
0afccd,uberlandia,1613.78,25
9da1ca,votuporanga,1612.03,6
186cdd,rio negrinho,1609.73,6
88cf19,sao carlos,1607.68,14
985c92,sao joao del rei,1606.63,12
818569,tabao da serra,1602.57,8
a7c882,mogi das cruzes,1602.42,5
1dcfa3,birigui,1602.1,13
ecccfa,curitiba,1601.35,15
36890b,osasco,1600.88,13
11fb6f,sao paulo,1596.66,3
3f8034,curitiba,1594.51,12
6426d2,ribeirao preto,1593.82,23
e439f7,joinville,1584.02,7
0aea4c,sorocaba,1579.66,8
141440,pitanga,1579.0,11
dace96,sao paulo,1573.77,8
5bf397,sao paulo,1572.28,3
25e473,praia grande,1571.71,16
b1aaae,sao paulo,1569.24,15
0ad80d,rio de janeiro,1564.72,6
a13580,rio de janeiro,1563.68,10
093805,osasco,1559.73,22
c8c1be,porto belo,1558.73,7
d101c6,sao paulo,1557.55,13
d7827b,londrina,1556.7,1
f4a04f,santo andre,1553.95,18
fcf16b,sao paulo,1552.57,3
0b0ddb,guarulhos,1550.64,3
2646ba,sao paulo,1549.39,15
1284de,laranjeiras do sul,1546.84,3
7357b5,lagoa santa,1545.83,12
c794da,artur nogueira,1544.59,16
89c127,osasco,1540.2,7
2d5186,sao paulo,1539.7,13
a36ac0,barueri,1536.97,9
113e3a,aparecida,1533.95,39
01ed25,mogi das cruzes,1533.71,5
8e2b3a,campinas,1532.43,11
b5abf4,brasilia,1531.79,11
1caf28,nova iguacu,1530.25,33
b43d8b,ipira,1526.76,3
bb135b,sao paulo,1522.68,18
c35672,mesquita,1515.35,18
2bd05d,belo horizonte,1515.27,6
0bebbb,sao paulo,1514.34,9
4e0606,betim,1514.25,31
1464af,nova friburgo,1513.78,29
17eea2,sao paulo,1512.99,4
c7b7db,sao paulo,1511.86,1
20b54c,sao caetano do sul,1506.55,11
7a425d,rio de janeiro,1505.47,18
da7039,santo andre,1503.55,17
8629c2,ribeirao preto,1502.02,13
9a1aea,catanduva,1501.71,7
b8578d,blumenau,1499.6,9
bc07d8,mogi das cruzes,1496.18,12
4dbd95,curitiba,1494.03,6
51ed72,sao jose do rio preto,1493.23,7
c3ee23,sao paulo,1487.88,2
f205b1,cachoeirinha,1484.9,8
5151ae,marilia,1482.47,7
0e982c,itajai,1480.31,7
402916,guanhaes,1478.43,9
d1c7fa,jacutinga,1477.38,12
f1b854,rio de janeiro,1475.24,3
048438,ivoti,1474.76,1
a425f9,curitiba,1474.75,17
4eb61f,sao paulo,1466.12,8
6b89ab,piracanjuba,1465.73,8
e504a4,sao pedro,1464.06,11
2f73e0,cachoeiro de itapemirim,1460.85,3
10ff82,pederneiras,1459.53,9
2d378d,sao francisco do sul,1454.44,2
a478c7,blumenau,1451.56,8
4736e9,piracicaba,1449.77,16
556a64,curitiba,1449.64,4
010543,sao paulo,1447.95,2
973f21,claudio,1445.65,10
091065,canoas,1444.37,2
c27317,sao paulo,1443.45,14
9140bd,amparo,1442.93,6
3faf68,holambra,1442.09,7
6562ef,maringa,1436.21,9
5795ae,palhoca,1436.09,6
7f40d0,rio claro,1435.62,6
5ee7fd,vargem grande do sul,1435.18,9
325f31,taboao da serra,1433.37,36
b566ab,extrema,1428.22,5
3fac58,sao paulo,1427.97,10
334cab,santo andre,1421.37,11
cda598,mirassol,1420.2,17
bc47d5,santo andre,1419.91,24
8ea394,sorocaba,1417.6,2
269cff,catanduva,1415.0,4
30a81d,sao paulo,1413.52,17
e48cc1,aracatuba,1411.13,14
439a47,mogi das cruzes,1410.93,8
5d76d8,sao paulo,1409.75,6
4cf490,tabatinga,1409.39,8
8c5e00,indaiatuba,1407.41,9
e3d3b3,sao paulo,1405.83,3
7ff588,guarulhos,1403.38,14
7daca0,tanabi,1397.14,7
8a9260,contagem,1396.94,8
788e85,sao paulo,1394.95,11
67225b,marechal candido rondon,1393.11,8
5011f0,santos,1390.85,12
626ab1,sao paulo,1390.47,3
b55638,imbituba,1385.67,11
2cb6eb,sabara,1382.68,6
4324dd,sao jose do rio pardo,1379.47,12
fec8cd,jambeiro,1376.94,4
c0098e,ribeirao preto,1376.74,9
b586cd,rio do sul,1372.93,6
5d9f37,sao paulo,1370.41,1
8fdca8,sao paulo,1370.22,22
725af0,claudio,1362.67,7
d4910f,santo andre,1361.92,11
5f26c1,arapongas,1357.09,10
c88f62,arapongas,1350.5,1
f9d010,lorena,1350.14,4
d1b9d4,nova lima,1348.53,11
7c5b05,sao paulo,1345.46,22
a066df,franca,1344.62,15
9ed653,sao paulo,1343.65,6
90d412,taboao da serra,1342.95,3
5b2e94,sao paulo,1340.14,10
3f2af2,terra boa,1334.18,6
ef2fbc,rio de janeiro,1333.69,20
9d7a1d,franca,1331.87,13
6bef34,timbo,1330.88,2
abc015,ribeirao preto,1329.65,12
bb5d95,rio de janeiro,1328.5,2
f5fea3,rio de janeiro,1328.18,3
700f03,barretos,1326.31,4
45a3d0,guarulhos,1323.79,1
00720a,guarulhos,1323.48,13
4eeb99,embu das artes,1320.95,2
5b0754,guarulhos,1320.07,13
89f692,vassouras,1318.71,11
76ea53,sao paulo,1311.08,15
4091f7,sao paulo,1309.87,8
b18871,sao paulo,1308.4,9
c87851,itaipulandia,1308.04,9
c1ed9e,itajai,1300.64,9
119d1a,pedreira,1298.24,4
4ebdc7,sao paulo,1297.9,29
4fb41d,feira de santana,1296.77,3
b5e3e3,florianopolis,1296.18,16
1cbd32,sp / sp,1289.53,11
dbec9a,belo horizonte,1288.59,3
3dbbce,curitiba,1288.57,17
432c67,sao paulo,1288.41,3
577719,nova petropolis,1287.36,8
5fd924,sao paulo,1284.34,7
734def,araras,1281.23,2
4a1f69,pedreira,1278.75,14
e84ad2,sao paulo,1273.73,19
de9727,sarandi,1270.09,10
9bc484,sao paulo,1269.87,9
c8e135,sao paulo,1267.48,7
596849,mogi das cruses,1265.19,14
9c4d31,rio de janeiro,1262.72,2
04fdea,sao paulo,1261.95,10
327b89,manaus,1258.8,3
6c6cc5,santa maria,1255.71,1
1b65c1,rio do sul,1254.35,5
03a2a6,maua,1250.66,9
7238f8,santana de parnaiba,1249.52,3
980640,rio claro,1246.66,14
76c47a,ribeirao preto,1246.34,6
457fe9,paulinia,1246.11,9
226b05,curitiba,1245.58,10
83645b,santa terezinha de itaipu,1245.1,14
26785a,sao paulo,1244.65,15
8fbd63,santo andre,1240.97,6
a20d80,sao jose dos campos,1238.9,2
41da41,domingos martins,1237.06,15
08d2d6,marilia,1235.26,17
5b6645,petropolis,1235.18,16
343e71,campinas,1234.7,17
71dc18,curitiba,1229.4,4
4b3955,aracaju,1229.1,4
6a8a88,sao paulo,1228.62,26
1d2732,rio de janeiro,1228.18,4
f0563b,tubarao,1227.78,1
1710c3,sao caetano do sul,1226.55,2
fb3cfb,rio de janeiro,1225.06,10
3c3017,jaragua do sul,1222.89,10
4200dd,sao bernardo do campo,1222.73,22
3d4b1a,sao paulo,1221.69,6
9261d7,palhoca,1216.24,6
fe87f4,campinas,1215.96,6
3d4824,sorocaba,1214.58,9
b2eecf,sao paulo,1213.15,9
bf0038,sao paulo,1213.03,29
713e3a,curitiba,1213.03,4
18e694,varzea paulista,1205.77,31
e250d6,guarulhos,1204.91,8
2d42eb,uruacu,1203.97,10
10089e,sao jose do rio preto,1199.31,3
10076e,batatais,1198.78,23
c03121,curitiba,1197.94,7
48328e,canoas,1196.78,1
9485a2,santo andre,1195.15,5
365e44,sao paulo,1194.3,4
557f22,morrinhos,1192.56,13
28f10b,sao paulo,1185.42,28
eb7280,rio claro,1181.63,8
167fd9,franca,1178.48,5
3d5d0d,rio de janeiro,1178.13,23
8f2b51,sao paulo,1176.23,7
e21a1e,jaguaruna,1175.89,21
51e4e8,rio grande,1175.75,16
39f776,goiania,1174.41,3
edd066,brasilia,1173.93,6
7df1fc,campo grande,1171.96,5
057300,criciuma,1168.67,4
e58a5b,rio de janeiro,1167.23,7
55dedd,rio de janeiro,1166.09,8
d66c11,rio de janeiro,1164.38,16
8b655f,osasco,1162.81,5
82cb9f,caxias do sul,1155.26,14
515d78,campo grande,1154.72,6
278b6e,itajai,1152.62,1
db46ca,rio de janeiro,1149.86,16
e1dc07,duque de caxias,1149.78,12
05a940,goiania,1148.94,10
f8201c,palhoca,1144.83,10
70849c,belo horizonte,1143.24,12
1bc2e2,joinville,1142.55,3
c54679,guaruja,1139.93,7
c4fabe,fortaleza,1136.52,11
33cbbe,bento goncalves,1129.5,15
07017d,joao pessoa,1128.24,8
2379bd,mogi mirim,1125.61,9
6cf476,sao paulo,1125.5,6
633ecd,sao paulo,1125.49,6
d1582f,sao paulo,1121.92,9
daf565,brusque,1121.83,9
9c690c,camanducaia,1121.02,10
ddd51a,rio de janeiro,1119.62,8
a2deec,sao paulo,1119.53,16
7aa538,catanduva,1118.6,5
919878,rodeio,1118.37,9
bfd938,rio de janeiro,1118.26,6
e0eabd,campinas,1117.19,8
7ecef8,campinas,1114.26,7
d94420,sao paulo,1111.04,19
41c9d3,araxa,1110.54,3
b45d7e,belo horizonte,1110.01,5
799408,sao paulo,1109.65,2
670a9d,ribeirao preto,1101.99,11
f0e103,osasco,1101.41,11
91543f,blumenau,1100.57,4
7a9c12,sao caetano do sul,1099.59,5
7d7d2b,ibitinga,1098.85,7
6025c7,pinhais/pr,1098.33,2
17adeb,guarulhos,1097.31,1
ffad1e,americana,1090.83,10
b7d5b4,florianopolis,1090.02,2
4221a7,bahia,1089.04,5
ef9952,uberaba,1086.6,5
a13aaf,joinville,1085.83,4
a0d7fb,ferraz de vasconcelos,1085.18,3
1f8673,curitiba,1084.92,7
8e6704,juiz de fora,1083.96,1
77dcbb,lajeado,1082.56,2
3d6218,sao paulo,1080.7,10
cb4a70,florianopolis,1080.56,1
8602a6,sao paulo,1079.9,17
010da0,sao bernardo do campo,1079.75,1
dc7192,itapeva,1078.43,7
5a05a1,caxias do sul,1075.48,14
79a679,sao paulo,1072.22,3
68f86b,rio de janeiro,1071.31,11
4f1f1c,belo horizonte,1070.39,2
ae45df,sao paulo,1065.49,9
13511d,caxias do sul,1063.97,6
e644cb,sao paulo,1063.59,8
c37b20,sao paulo,1061.28,12
9d681c,curitiba,1058.68,13
8a4312,sao paulo,1058.49,3
6b9b80,belo horizonte,1055.66,10
80f2cf,sao jose do rio preto,1054.78,7
6e4f5f,flores da cunha,1053.25,5
b81e3a,maua,1053.01,8
1bb381,sao paulo,1049.57,9
74636e,sao paulo,1048.61,4
e3a386,engenheiro coelho,1047.15,16
dff87e,sao paulo,1043.43,2
a67780,presidente prudente,1041.04,6
9e9b53,contagem,1039.47,3
28872d,caxias do sul,1038.9,1
caa9bc,jacarei,1037.74,13
ab3e0c,colorado,1035.7,7
e8dba4,santa barbara d oeste,1032.39,9
d8cf3b,mandaguacu,1030.18,6
0791d9,belo horizonte,1028.99,5
48985c,porto alegre,1027.37,7
a99504,batatais,1025.24,1
0ff830,caxias do sul,1023.38,10
4ef4c3,sao paulo,1017.17,8
63a79f,patos de minas,1015.93,11
3f9c56,rio de janeiro,1014.95,7
808d43,sao paulo,1014.92,21
cac63f,sumare,1014.62,10
528bcf,sao paulo,1013.84,2
bd4431,rio de janeiro,1013.59,7
cb6c9f,vila velha,1008.97,11
1cbd50,fazenda rio grande,1006.66,9
134a28,sao paulo,1004.0,9
f783a6,sao paulo,1002.9,5
c6a753,sao paulo,1001.32,10
d4f117,sao paulo,998.61,17
eddd19,ponta grossa,998.41,3
e51f22,carapicuiba,996.84,4
340636,sao jose dos campos,993.15,5
fe1b06,presidente prudente,990.88,8
0aa220,sao paulo,988.1,4
69b5ea,birigui,987.02,2
d9e7e7,sao paulo,986.39,11
6f83d9,pinhalao,985.04,11
b19c48,sao paulo,984.81,1
da6a60,sao pedro da aldeia,984.58,12
39c763,goiania,984.21,11
160e4f,colombo,980.45,4
e97299,petropolis,978.43,4
297d5e,curitiba,976.73,8
5c3460,sao jose do rio preto,974.3,9
ca7754,maringa,973.71,6
efff93,vitoria,972.65,5
41c2ba,natal,971.92,20
ac6417,aruja,971.43,8
c80253,porto alegre,971.28,2
c89cf7,petropolis,971.01,14
8d4655,campinas,969.6,13
562f8c,belo horizonte,966.25,13
e8a85b,brasilia,965.99,8
d0d70d,sao bento,964.99,8
b2c970,botucatu,964.08,10
87d3c3,sao paulo,963.06,15
40536e,caieiras,963.0,2
ba5daa,sao paulo,959.35,15
0aa124,alfenas,958.78,2
3492e6,salto,957.26,8
6861de,curitiba,949.73,5
7dc9a3,dores de campos,949.62,1
a1544b,jundiai,948.53,8
6d22a1,joinville,946.43,12
8a40ae,curitiba,946.26,6
1961c3,guarulhos,945.43,3
2dd1fb,curitiba,942.73,4
a24719,sao jose do rio preto,941.07,2
e5cbe8,sao paulo,937.71,2
2b03ac,sao paulo,935.19,7
a72c2f,flores da cunha,933.93,5
0d33a5,sao paulo,932.91,22
5a413a,sao paulo,932.67,14
6e864f,sao paulo,932.36,13
eba880,sao paulo,931.57,6
52a52b,sao carlos,931.22,7
2c43fb,belo horizonte,930.17,3
143023,sao paulo,929.54,18
e1c76f,sao paulo,928.7,1
596246,curitiba,928.04,8
11eac1,sao paulo,927.83,5
32e563,rio de janeiro,927.82,1
75a476,caxias do sul,927.05,5
1cd9e0,sao paulo,926.72,5
14ee35,sao jose do rio preto,923.05,6
134b86,valinhos,922.84,1
9c7fd2,osasco,921.8,7
4deebb,sao paulo,921.49,4
a3b42d,orlandia,921.24,1
024b56,sao paulo,918.4,2
c8cc60,sorocaba,916.23,8
638cba,sao jose dos campos,913.87,17
ba6b4a,rio de janeiro,913.71,8
a1bea7,carapicuiba / sao paulo,910.88,9
1099a0,rio de janeiro,910.83,3
39d61b,sao paulo,909.62,7
7c51de,picarras,908.64,4
4c61e3,niteroi,908.17,7
d29ba1,sao carlos,907.86,9
25be94,sao bernardo do campo,907.55,5
c00396,campo magro,905.85,1
dc64d7,belo horizonte,905.55,4
49383a,taubate,902.23,8
59cea8,maringa,901.14,10
b16d3d,estancia velha,900.54,10
28ea41,sao paulo,896.93,6
712719,porto alegre,896.83,8
365e4b,sao caetano do sul,895.02,6
ef3089,araraquara,892.54,9
0d4c82,ribeirao preto,892.03,3
253f95,sao paulo,890.94,5
07de60,ibitinga,889.0,9
312ba1,guarulhos,888.05,9
5acd07,jundiai,886.37,7
400f22,osvaldo cruz,885.8,1
5f0603,marilia,884.31,4
fd435f,joao pessoa,882.87,1
7a91bf,mesquita,882.07,5
5996cd,presidente prudente,880.75,1
f43589,curitiba,880.68,10
cd3d09,nova odessa,880.23,12
6e1862,rio claro,879.96,8
014d9a,maringa,876.81,11
ba6ce6,sorocaba,874.51,6
7210cd,sao paulo,874.18,9
b7cc6c,curitibanos,872.3,6
c7fdb7,santo andre,871.88,10
e560e4,belo horizonte,870.21,2
70bf57,franco da rocha,869.73,7
f19516,artur nogueira,869.44,5
c62185,contagem,868.64,8
68ca56,guaratuba,862.96,6
458c6f,catanduva,862.37,2
fe1bbc,arinos,862.25,9
9aa388,muriae,861.46,6
7bcd7c,sao paulo,860.94,11
bc503e,birigui,859.8,7
aac51c,sao paulo,859.57,10
52956b,maringa,858.85,3
3d68c6,nova trento,857.7,2
6b1592,sao caetano do sul,854.46,21
89a51f,brasilia,854.26,10
bdae67,brasilia,851.98,6
396986,sao paulo,850.02,12
4a1917,brasilia,846.62,2
be8e90,piracicaba,846.08,15
6bb62a,jundiai,845.39,4
8bd0e3,tres de maio,845.34,7
9dc79d,sao paulo,843.93,4
da03c2,sao paulo,842.48,4
21c62b,fortaleza,841.33,4
2ba91c,itu,840.33,6
c522be,santana de parnaiba,838.3,7
e73bf2,chapeco,837.83,4
236585,caxias do sul,837.67,11
851773,lencois paulista,837.13,10
735422,brasilia,837.13,7
43402b,ribeirao pires,837.1,4
5f7300,canoas,836.83,10
6524b8,campinas,834.94,1
ac51ca,ribeirao preto,833.77,4
f9eede,"rio de janeiro, rio de janeiro, brasil",833.15,2
ba6b68,belo horizonte,832.22,5
2305ab,sao paulo,831.26,3
11742f,catanduva,831.01,2
ad273c,curitiba,829.75,10
de09d0,sao paulo,827.97,3
b0b346,campinas,826.6,11
55c26b,tabatinga,826.23,6
bd1d49,bauru,826.2,12
a56e35,itajai,825.98,3
942313,porto alegre,824.18,3
83d707,cotia,822.4,2
5ef131,ribeirao preto,821.99,10
13f57c,santos,821.15,7
0d83f8,porto alegre,820.57,4
2063dd,guarapuava,820.27,3
9535a8,sao paulo,818.33,2
ed8cb7,santos,816.21,15
8e29d0,mirassol,813.28,2
191d55,brasilia,812.8,3
a254c6,cafelandia,809.42,6
38102b,mucambo,809.41,9
8c0de7,sumare,808.03,9
0a85eb,jundiai,805.65,12
38e6da,sao paulo,803.05,7
d79e84,rio de janeiro / rio de janeiro,802.61,5
fac35d,bonfinopolis de minas,800.64,5
179d85,ribeirao pires,800.27,18
73b8eb,campinas,797.98,8
8d899e,sao roque,795.98,4
8759e7,santo andre,793.34,3
56db5c,palhoca,791.95,2
2059c3,curitiba,791.29,12
1d29df,vicosa,789.92,12
cf6547,sao paulo,789.54,3
b7ed9f,jacarei,787.75,7
e4ebd3,presidente epitacio,787.26,7
8c91bf,horizontina,785.75,2
5bba18,itajobi,784.8,1
6824a6,formiga,784.08,6
0b3606,jaragua do sul,783.0,1
d558eb,divinopolis,782.23,3
2aa344,rio de janeiro,781.12,10
b4b447,sao paulo,779.66,5
48fb02,barra mansa,779.14,11
7b98de,loanda,778.63,8
d94ba0,apucarana,778.27,9
c447f8,assis,777.23,7
89dda6,maua/sao paulo,777.13,2
525e75,barueri,777.07,10
da4d14,sbc,775.98,1
c33a5c,criciuma,774.16,9
b64d51,garulhos,773.54,17
54aa84,belo horizonte,772.83,7
26af45,curitiba,771.61,10
b03985,colatina,770.12,4
228e4c,bandeirantes,769.44,5
f32954,vitoria,769.38,7
8132b9,florianopolis,768.94,2
768a86,sao paulo,767.7,17
61c36f,guarulhos,767.69,1
1352e0,rio de janeiro,765.22,4
9cad4b,birigui,763.33,5
9d5604,florianopolis,761.98,13
2fb25a,volta redonda,761.29,5
72c38a,cascavel,760.65,4
07d75e,sao paulo,759.59,2
299c89,varzea alegre,757.75,2
01c97e,catanduva,756.0,9
acf974,caxias do sul,753.62,5
6c99c9,uberlandia,752.51,9
057035,sao paulo,751.76,6
3d3ccf,ibitinga,750.53,3
6e0908,rio de janeiro,750.28,8
262237,brusque,749.0,4
02b72c,ibitinga,748.64,4
b6dc74,arapongas,747.59,11
916748,sorocaba,746.51,25
95b293,sao paulo,746.22,9
26bad7,pedregulho,745.92,7
aae5e7,sao jose dos pinhas,745.57,5
d9cd36,bady bassitt,744.81,3
f52c24,santo andre/sao paulo,744.8,12
270d3e,carapicuiba,743.67,6
3ef37b,sao paulo,740.97,2
4e6015,guaruja,740.5,3
6d988d,maringa,737.2,19
11938f,sao miguel d'oeste,737.14,2
c84592,sao paulo,736.2,15
328acb,foz do iguacu,734.75,2
b274ba,montenegro,734.57,7
be3b4b,imbituva,733.72,3
39a500,barretos,733.66,3
8a207b,jaci,730.04,2
eb5b62,embu guacu,727.33,19
b12cfd,cascavel,726.15,2
2f74af,sao paulo,724.47,13
c157bd,mairinque,722.97,7
1d5037,sao paulo,720.53,12
9c1c0c,praia grande,717.04,6
385799,sao paulo,716.54,5
1b4b28,piracicaba,715.34,1
5d043c,sao paulo,714.91,1
5a6a02,americana,714.41,10
768de2,brasilia,713.53,14
eebb33,sao paulo,711.32,7
a51315,sao paulo,711.25,2
cb9fb4,sao paulo,705.56,10
4de6e4,colombo,704.42,14
e601b0,sao paulo,702.94,15
3f9be9,londrina,702.06,7
89ad32,sao paulo,699.74,6
b44dbf,sao paulo,699.06,4
5882f4,sao paulo,698.9,1
6e4a90,sorocaba,695.7,7
6650fc,sao paulo,695.7,3
c53bcd,neopolis,695.59,5
b26741,florianopolis,695.03,2
af7cda,laranjal paulista,694.01,6
c458e2,sao caetano do sul,691.7,4
4be6b9,sao carlos,691.09,11
3be584,barueri,687.95,4
6179a2,varginha,686.24,2
70b52a,sao paulo,685.35,8
26d6bb,curitiba,681.7,12
396892,bauru,681.01,8
c52c64,tiradentes,680.96,1
6879c4,osasco,677.13,6
6eeed1,sao paulo,676.01,3
53336f,sao paulo,674.83,1
83353a,sao paulo,674.33,5
685b87,sao bernardo do campo,670.98,2
ff4e2d,sao paulo,669.18,11
6dc9be,sao paulo,667.83,2
48efc9,curitiba,666.0,33
bf9611,ribeirao preto,665.46,4
63ffcb,itaborai,663.72,17
e4fc40,arapongas,662.05,3
4170f6,brasilia df,661.81,4
b5bb2b,venancio aires,659.72,2
7402d1,cambe,659.57,4
89bc79,sao paulo,659.45,17
c7a0a1,laurentino,657.8,8
ad8ada,araguari,656.16,1
4e3260,sao paulo,655.96,3
6ee85b,sao paulo,655.32,9
9e6967,sao caetano do sul,654.9,9
f5b448,sorocaba,654.44,19
791cfc,ribeirao preto,653.75,2
13c2ed,ponta grossa,653.29,8
d4e4b5,toledo,652.09,12
bbaff5,atibaia,651.77,12
3ea00e,curitiba,649.97,7
a35ef4,novo hamburgo,649.55,3
7c1fea,boituva,647.75,14
2e7ea2,sao paulo,646.62,7
1588ac,maringa,645.97,3
bb2afe,sao paulo,644.02,5
e62762,sao paulo,643.55,13
8b2d4a,fazenda rio grande,643.32,6
c3aad7,auriflama/sp,640.36,6
ce616e,cotia,640.03,15
1fe61a,santa cecilia,638.58,1
f9ec70,sao paulo,638.13,9
74871d,sao paulo,637.91,6
b87a7e,sao paulo,637.75,9
1f7fd2,venancio aires,632.68,3
2953ce,sao paulo,631.32,14
d197aa,sao jose dos campos,630.65,6
959951,sao paulo,630.06,1
70125a,goiania,629.62,5
6c17ba,franca,628.72,4
c42fd8,osasco,628.63,7
5f5a58,ribeirao preto,628.59,3
cd2169,nova friburgo,625.33,1
b3f195,tanabi,624.48,9
3d0cd2,joinville,622.38,9
7b7f91,osasco,620.49,11
d7485b,curitiba,619.14,10
32fdd5,carmo do cajuru,617.88,8
33cbda,blumenau,615.57,5
4a8216,irati,612.39,4
eb9cd5,sao paulo,611.55,2
a2fa0b,florianopolis,611.02,10
f524ad,soledade,609.5,1
b24879,sao caetano do sul,608.35,7
fc5939,salvador,606.96,5
a06c8f,divinopolis,606.93,8
08084d,sao paulo,606.79,12
35b965,sao leopoldo,606.45,2
08d1c9,belo horizonte,605.57,1
e1b124,guarulhos,599.13,9
97e995,lorena,598.87,5
6e13dd,sao paulo,598.08,5
e3dd72,sao bernardo do campo,597.62,7
7994b0,cariacica / es,597.34,5
e433f5,arapongas,596.77,1
20a7ef,laguna,596.59,3
ccbd75,blumenau,596.56,1
f650a9,ararangua,594.58,5
bd15ee,ribeirao preto,594.13,12
651fe6,alvorada,592.73,7
64b879,presidente bernardes,591.83,7
6219ba,sao paulo,590.55,6
2c3d56,barueri,590.44,8
550295,contagem,588.83,7
35fb51,londrina,586.79,7
2009a0,sao jose do rio preto,582.43,8
e59e48,maringa,581.76,3
0951a6,taboao da serra,580.32,7
7e79d6,sao caetano do sul,579.89,4
820c7c,sao paulo,577.0,1
acb6c2,sao paulo,575.49,10
2493dc,brasilia,575.07,4
f22a24,itaquaquecetuba,574.84,8
4e480b,tres coracoes,573.74,1
ea00f9,santos,573.4,19
358577,ribeirao preto,573.34,6
b9c0ff,sao paulo,572.17,3
979e9f,sao paulo,571.88,3
9fc702,belo horizonte,571.3,6
4cc4fd,toledo,571.22,1
2b2fed,juiz de fora,570.83,3
fadb07,sao jose do rio preto,570.37,7
ff314f,sao paulo,570.34,2
28fb08,sao jose do rio pret,569.26,4
79ee72,bauru,568.36,2
59cd88,praia grande,567.71,10
b08080,belo horizonte,567.4,11
0c7f30,ponta grossa,567.11,5
c286ec,curitiba,565.9,2
64cc80,curitiba,564.14,2
a8739a,sao bernardo do campo,563.56,13
09bad8,sao paulo,560.36,5
d65f31,artur nogueira,559.95,2
5e49e3,balenario camboriu,559.77,3
bac692,blumenau,559.23,1
29e6e0,juiz de fora,558.92,4
f1198c,sao paulo,558.07,2
038b75,sao jose dos campos,557.85,2
08d094,cascavel,557.84,12
c026ef,rio de janeiro,557.72,1
48e954,porto alegre,556.81,2
c1f12f,sao paulo,556.56,2
bd149e,guarulhos,555.94,8
0747d5,saquarema,555.49,14
a7dc40,sao paulo,554.45,2
0ddefe,sao bernardo do campo,552.9,9
404e1b,juiz de fora,551.73,8
86ff3e,palhoca,550.36,7
404951,belo horizonte,550.27,7
5dc203,pompeia,550.05,5
8fec2e,laranjal paulista,548.61,3
fcba71,limeira,548.27,3
ed9eef,mogi guacu,547.34,3
7e9592,sao paulo,546.55,2
265fdc,jaci,546.55,1
329666,catanduva,545.51,1
a53f60,uberlandia,544.53,4
a5bff0,sao paulo,541.27,4
f88adb,porto ferreira,541.06,3
079d29,sao paulo,540.09,5
117cfc,sao joao de meriti,536.08,5
b29d33,ribeirao preto,533.88,6
e58996,sao carlos,533.86,3
0249d2,sao paulo,531.88,11
20a8b0,itu,531.38,7
6b8031,sao paulo,530.62,7
feb793,sao paulo,530.17,1
83a75e,amparo,529.47,3
ff1e15,curitiba,529.16,7
777a0c,sao paulo,528.33,6
ead2ba,belo horizonte,528.3,9
6c1b6d,sao paulo,524.5,5
101a3a,rio claro,524.0,5
08f581,santos,522.83,3
968ee7,erechim,521.67,2
c0e683,guaruja,520.84,3
c7dcd3,belo horizonte,519.83,4
ee2fba,sao paulo,518.7,2
35ef5a,sombrio,518.41,4
b98b71,sao paulo,517.62,6
d90fe2,sao paulo,516.91,3
3985a3,rolante,516.2,7
c3f566,apucarana,514.93,3
761681,sao paulo,514.9,3
41b147,santo andre,514.63,8
5c853b,cotia,514.19,23
29fe9f,balneario camboriu,514.16,5
c3251e,porto ferreira,513.08,2
70c4ee,sao paulo,512.55,2
7816cd,araraquara,511.76,1
cc80e2,curitiba,508.63,2
9dd59e,foz do iguacu,508.12,10
cb0b3b,sao paulo,507.43,2
f4ce8c,penapolis,507.13,4
85cc55,barra mansa,501.76,9
89de2d,londrina,500.08,8
7c4618,sao roque,499.47,13
0fe2d9,ourinhos,498.35,3
ce20a2,sao paulo,496.03,4
79565f,araraquara,494.07,8
41e0fa,guaruja,491.91,5
c71426,sao paulo,491.33,4
c24173,sao paulo,491.21,9
981150,ao bernardo do campo,491.2,4
a35124,sao paulo,490.39,4
939e62,conselheiro lafaiete,488.25,4
92d14e,sao bernardo do campo,487.65,8
f7df46,novo hamburgo,487.44,3
dd88d1,lajeado,487.38,1
ae8bfd,toledo,486.14,8
ab27bb,tatui,485.05,3
3d01d1,campinas,484.94,5
0a82f5,sao paulo,484.8,2
e54611,sao paulo,484.34,2
e53d5b,toledo,483.92,4
307649,auriflama,483.63,7
55c969,sao paulo,483.37,6
bc30de,pedreira,482.85,3
64c9a1,curitiba,482.6,1
e603cf,pelotas,482.47,8
189ca3,sao paulo,481.67,4
dc50af,maringa,481.48,4
0f0c98,franca,481.38,4
392353,blumenau,480.67,5
5275ca,guarulhos,478.82,4
042573,sorocaba,478.57,3
2bf28e,londrina,477.88,7
6d7f8d,curitiba,477.01,3
184a67,joinville,477.0,8
a11a0e,indaiatuba,476.98,2
aec998,colombo,476.51,1
a21c11,santana de parnaiba,475.88,3
6d2f2e,guarulhos,474.26,3
34a557,franca,473.46,4
b56828,praia grande,471.61,3
fc4751,londrina,471.05,1
9853a2,campo largo,471.01,5
de66a6,rio de janeiro,468.98,7
1e9d5a,jaciara,468.94,2
5e106d,santa terezinha de itaipu,467.61,1
f12d3c,santo andre,459.32,9
1acde0,sao paulo,458.5,9
57d2ba,sao bento do sul,458.24,2
b67d6c,sao paulo,457.03,7
9b76ad,boituva,456.63,2
7b7ed5,goiania,456.6,5
d2f3e2,atibaia,454.66,7
94d76e,sao roque,454.17,1
a45314,mirassol,453.92,2
6bd503,morrinhos,453.89,4
4e4258,portoferreira,453.8,3
78ef7e,santa cruz do sul,453.44,3
c79151,maringa,453.11,4
27a56f,campinas,452.27,8
7d294c,barra velha,451.38,5
c13ef0,sao paulo sp,451.28,1
62760d,salto,450.1,3
1e8c6a,itatiba,446.82,5
fe4cd9,caratinga,445.53,3
73da18,sao carlos,444.99,2
d5c530,centro,444.93,6
d263fa,americana,444.07,1
fa1464,sao paulo,442.99,7
615005,itu,442.14,10
556373,guarulhos,441.6,2
4a23ad,sao paulo,440.41,3
a37c34,sao paulo,439.95,5
c8660d,sao paulo,438.99,4
51209b,vila velha,438.88,2
933446,curitiba,438.85,2
ad87df,jaguariuna,438.62,6
830379,sao paulo,438.38,2
0bfd0b,rio de janeiro,436.99,6
12a8eb,sao paulo,436.67,2
9ac4f1,jaragua,436.65,5
4e85b5,sao jose dos campos,436.34,4
61b187,araraquara,436.01,4
085f6f,taubate,435.96,6
a080fc,sao paulo,435.57,4
9d3940,sao paulo,434.28,10
15ead3,conselheiro lafaiete,433.95,7
559d56,joinville,433.72,2
d73cbd,guiricema,433.62,4
62d977,curitiba,432.12,2
f44bdc,braganca paulista,432.07,5
c1849d,santo andre,430.71,3
f7315b,guarulhos,430.08,2
97e4a6,rio de janeiro,428.5,5
31eec4,cachoeiro de itapemirim,427.13,5
52092d,dois corregos,427.05,6
a64e44,sao paulo,426.76,6
a5dd19,caruaru,426.33,6
1967a9,sao paulo,425.76,2
2f4b0d,sao paulo,422.31,10
cbbd5a,santana de parnaiba,422.25,2
f543ba,sao jose do rio preto,422.04,2
8fff28,sao paulo,421.68,4
b127ef,sao paulo,421.27,10
d9d43f,juiz de fora,421.25,6
9c3c24,caxias do sul,421.16,6
63191e,jundiai,420.29,1
b88e7c,curitiba,419.67,4
1b4516,maringa,419.35,7
3afc53,belo horizonte,419.07,6
ad7551,santa terezinha de goias,417.92,3
508808,sao paulo,417.47,10
03bd47,uberlandia,417.42,3
ceb7b4,04482255,416.45,1
b7ba85,santo antonio da patrulha,414.79,2
2f4b9d,afonso claudio,413.26,5
499ec6,sao paulo,412.93,5
26b482,santa barbara dÂ´oeste,412.41,3
8936ba,sao paulo,412.21,1
24c1de,serra redonda,412.12,1
a7ecf6,vila velha,410.91,1
f18112,brusque,410.75,2
76de36,xaxim,410.42,2
3a3e46,sao paulo,409.98,3
579891,rio de janeiro,408.5,8
2e0dba,santo andre,407.7,7
131fcb,sao paulo,406.41,4
a435b0,franca,406.39,3
09883d,sao paulo,406.17,5
a806a4,serra,405.27,5
152ee1,garuva,404.93,6
184725,maua,403.57,3
ab9db4,paraiso do sul,403.43,5
0743a0,sao paulo,403.22,4
25debe,igaracu do tiete,402.85,6
333c42,vargem grande do sul,402.43,2
9d4898,leme,401.24,5
c113b8,sao paulo,400.87,3
69a438,apucarana,400.76,2
a3082f,curitiba,399.25,3
38af8a,sao paulo,397.94,5
173d56,sao vicente,397.61,2
a0e195,sao jose dos pinhais,397.42,2
cf1313,rio de janeiro \rio de janeiro,397.0,5
101921,rio claro,394.49,1
883dd8,curitiba,394.46,5
da2053,igrejinha,394.22,2
e88c9b,pato branco,393.98,8
5c603f,varginha,393.61,2
918717,sao paulo,389.22,4
b8a0ad,ibitinga,388.49,6
52bb00,osasco,388.43,2
df47da,sao paulo,387.68,5
249f0e,rio de janeiro,386.99,3
a9415c,prados,385.42,1
48bad4,sao paulo,384.49,3
65a7c0,sao paulo,384.12,3
6da199,sao paulo,383.66,7
b9ec22,brasilia,382.47,2
ea4e9c,palhoca,382.3,3
d7b237,sao paulo,381.56,4
2a73cb,sao caetano do sul,381.48,1
a2e857,miguelopolis,380.44,2
7dea6f,cascavel,380.17,2
5f0057,sao paulo,379.89,5
aded58,rio de janeiro,379.48,4
86bf77,viamao,379.38,4
51f108,cascavel,378.76,3
2d22fc,macae,377.39,3
8fd3b4,sao jose do rio preto,376.57,1
debe66,sao paulo,374.03,5
9b00ca,janauba,373.82,1
e83e93,barueri,373.38,2
a7a9b8,itirapina,373.07,3
ea1776,sao paulo,372.32,3
c76d41,taboao da serra,369.77,2
9cf787,franca,368.4,4
6d1b9c,curitiba,367.39,4
0cab2d,curitiba,366.9,3
12c2ed,praia grande,366.01,4
8c9348,carapicuiba,364.93,2
7957ca,curitiba,364.64,1
5ca5d5,sao paulo,363.88,2
2b402d,irece,363.79,1
4b98b0,taboao da serra,363.43,2
f8d5c7,sao paulo,363.41,6
2b3b9c,sao paulo,363.28,5
dbbcfe,curitiba,362.97,4
2c5387,castro pires,359.91,1
dcf375,cachoeira do sul,359.03,3
c3fe93,curitiba,358.97,7
ec8463,florianopolis,357.96,2
ea3ebe,florianopolis,357.35,3
7fe21d,rio de janeiro,356.96,4
6f1a12,sao paulop,356.84,4
1703bc,minas gerais,356.11,1
bbe87d,sao joao da boa vista,355.39,2
b76a1f,santos,354.89,5
a81466,sao ludgero,354.78,2
adbe70,maua,354.65,5
d149de,sao paulo,354.37,3
76d336,sorocaba,353.63,2
ba8979,sao paulo,353.26,2
4dc646,valinhos,353.26,4
7f35f9,valinhos,353.01,5
0ec28c,goiania,352.64,3
777145,guarulhos,348.98,4
46ef1a,claudio,348.45,5
4e0d10,sao joao de meriti,347.73,2
523660,sao paulo,347.48,5
eb9267,recife,346.27,1
71593c,sao paulo / sao paulo,345.35,2
360677,sao caetano do sul,345.2,2
2d9e89,jaci,344.17,2
e628d4,belo horizonte,343.9,1
c990d6,paulinia,341.99,10
90b36c,conchal,340.23,5
d36b07,itapetininga,339.86,1
94c49f,sorocaba,339.29,3
19a7c9,itaipulandia,338.74,1
e94b64,itapecerica da serra,338.63,2
33d677,joinville,338.49,9
e819bc,guarulhos,338.25,5
c5ebe6,lajeado,337.17,3
c70a35,sao paulo,336.94,6
4f40d2,sao paulo,336.89,1
c0f783,piracicaba,336.75,6
e83c76,aracatuba,336.49,8
3b18f9,santo andre,335.09,1
3dc69b,sao paulo,334.43,2
baa49d,sao jose,334.42,6
20611a,porto ferreira,334.3,2
21d593,itaquaquecetuba,334.29,2
94b910,guarulhos,334.09,7
284058,sao paulo,333.18,7
c611f4,atibaia,332.25,1
32f1bb,sao paulo,332.17,5
83c465,sao carlos,330.46,3
14f2b3,ipe,330.06,2
661ad5,balneario camboriu,329.71,4
5733d8,chapeco,329.68,2
bc39d8,cajamar,329.11,2
58e4b3,colombo,328.85,3
bdb3ed,lencois paulista,328.36,5
48b6c3,osvaldo cruz,328.06,2
5dc4bd,florianopolis,327.49,1
4d6fb8,belo horizonte,327.43,2
076174,ribeirao preto,327.4,3
e46bc0,sao paulo,327.39,1
ede297,curitiba,327.25,1
f410c8,caxias do sul,327.1,2
10264f,campinas,326.46,4
5194c2,santa rita do sapucai,326.45,4
9b1ab0,pitanga,326.08,2
ebd141,londrina,325.33,1
2ee0a0,presidente prudente,324.84,4
aa7626,curitiba,323.46,3
252e76,campinas,321.77,3
800214,jaragua do sul,321.34,4
666658,sao paulo,321.34,1
6bb66d,sao paulo,321.02,3
c9e5ad,porto alegre,319.98,4
953921,sao paulo,319.04,9
f626e1,marechal candido rondon,319.02,5
b76f4d,hortolandia,318.3,1
422be4,ibitinga,317.37,1
6c6e3d,maringa,316.41,5
53088c,triunfo,316.23,3
8dfbc5,curitiba,316.12,4
485452,taio,315.44,3
04ee0e,lajeado,314.32,1
31be79,sao bernardo do campo,313.68,6
87d736,nhandeara,313.61,1
f00f5b,sao paulo,313.43,1
572108,sao paulo,312.57,5
b2bdc5,vargem grande do sul,312.49,1
a9ae44,santo andre,312.02,1
94ca16,clementina,311.66,5
72146d,marechal candido rondon,311.43,4
08ad4a,itapevi,310.67,6
d59498,sao paulo,309.7,7
13d95f,goiania,309.32,1
446cc0,sao paulo,306.97,3
3c88ed,cosmopolis,306.2,1
d2572f,belo horizonte,305.69,1
850448,osasco,305.51,4
9c5460,loanda,304.72,3
aadfe0,goiania,304.18,1
f682e0,mairipora,304.0,2
fb8904,sao caetano do sul,302.36,2
ebef8d,ribeirao preto,302.06,3
353e21,canoas,299.89,4
4be2e7,rio branco,299.84,1
92c8bc,sao paulo,299.57,3
f41967,sao bernardo do campo,299.28,6
f9bbdd,sao paulo,298.37,2
d1e2fe,rio de janeiro,298.05,1
ec2120,armacao dos buzios,296.41,3
9a208d,belford roxo,295.99,1
534a01,jundiai,295.45,5
1e483c,sao paulo,295.07,10
85ecf0,sao paulo,294.9,2
88ef59,guaratuba,294.7,2
0e44d1,francisco morato,293.38,6
58c851,rio claro,293.26,2
1e26c5,jaguariuna,292.39,2
880eda,ipua,291.72,1
1e47de,catanduva,291.62,3
8060d7,blumenau,290.95,5
42b648,maringa,289.8,2
bab0a8,rio de janeiro,289.04,1
8ccf3c,rio claro,288.63,2
88ae90,sao paulo,288.01,3
10cdd4,santa rita do sapucai,287.76,3
6548c2,diadema,287.55,3
e88f7a,votuporanga,287.51,2
57fe62,capivari,284.04,8
ec5c1d,rio de janeiro,283.74,2
483ca6,mogi mirim,283.73,1
ae45ad,franca,283.06,1
50bf89,jaci,282.47,1
b57e84,porto alegre,282.14,1
2d2322,sao paulo,281.37,8
984c27,americana,280.91,1
4ea2f1,sao paulo,280.27,4
23ca5f,sao paulo,279.39,6
5e25c6,chapeco,278.91,1
e45edf,rio de janeiro,278.22,6
5d505d,birigui,278.14,2
954e95,joao monlevade,277.96,3
70f7e8,sao paulo,277.68,1
3fadb4,caxias do sul,277.52,3
75745e,brasilia,277.32,3
0af977,santos,277.22,2
3d49bf,montes claros,276.82,3
d6cd01,sao paulo,276.11,2
ad8b53,castro,275.91,3
05e107,sao paulo - sp,275.39,5
5e9f5b,porto alegre,274.86,2
37ceb4,sao paulo,274.11,1
e64882,goiania,273.22,1
929f34,londrina,272.76,4
c0aff2,florianopolis,272.33,4
d9cb00,olimpia,270.49,3
578460,goiania,270.45,1
28c7d8,itaporanga,270.36,3
4c1c72,marilia,269.91,5
e5d4b2,joinville,269.56,4
001e6a,sao goncalo,267.94,1
4e2627,belo horizonte,267.62,2
1c56ff,sao carlos,267.39,3
4b9049,bage,266.11,1
33ab10,rio de janeiro,265.53,4
cb3276,rio claro,265.51,2
f8e2c1,ribeirao preto,264.43,2
2a50b7,brasilia,264.24,1
f3975e,pinhalzinho,262.78,2
efb628,nova iguacu,262.1,1
fec691,ribeirao preto,261.97,1
615c34,rio de janeiro,261.05,2
762faf,itu,260.87,5
4ce8b5,fazenda rio grande,258.87,2
3dfd3d,sao paulo,258.7,6
8a8835,sao caetano do sul,258.54,2
902c99,mogi guacu,258.12,4
81ed90,divinopolis,257.46,2
7f5e4d,jacarei / sao paulo,257.32,3
5a9c08,treze tilias,255.59,2
e0a3c3,camboriu,254.98,2
269c5f,guarulhos,254.72,3
d1a5cc,curitiba,254.01,1
3bfad0,osasco,253.35,1
8d92f3,sao paulo,252.77,3
1746c1,santana de parnaiba,252.35,1
4ce6e5,sao bernardo do campo,252.27,1
3f84fe,fazenda rio grande,251.92,3
740205,caxias do sul,251.83,1
b05b43,birigui,250.89,2
e59e57,nova iguacu,250.88,1
fe8055,curitiba,249.98,3
72431a,rio das pedras,249.39,1
a663d9,sao paulo,249.08,1
bec568,sao paulo,249.06,2
74c7de,mogi guacu,248.88,5
a0a14e,curitiba,248.64,4
7d484c,campo grande,248.42,2
50770d,santo andre,247.86,6
809413,sao paulo,247.05,3
643c01,joinville,246.65,2
3442f8,campinas,246.6,3
538caa,sao paulo,246.49,9
bcc9dd,ibitinga,246.22,3
edf3fa,sao paulo,244.02,1
bff9de,limeira,242.74,5
778323,sao paulo,242.43,3
63b9ae,sao jose do rio pardo,242.31,5
2075d8,curitiba,242.23,3
b01c2b,venancio aires,242.12,4
7e3dde,cambe,242.03,1
90b570,curitiba,241.21,2
a218df,araraquara,240.7,4
eec346,bauru,240.44,4
034b93,blumenau,240.26,8
762ed9,londrina,240.12,3
0f7eea,pedrinhas paulista,240.06,3
586a87,porto alegre,239.48,1
31e60b,goiania,239.04,1
7d9485,guaruja,237.8,4
b5f49f,curitiba,237.67,1
7ad413,rio bonito,237.6,2
1de62b,sp,237.53,2
f9eda0,orleans,236.79,1
751e27,campinas,235.84,1
6e2d3e,colombo,235.28,1
89d9a3,sao paulo,235.25,2
3d7007,sertanopolis,235.11,3
9da15f,osasco,234.61,1
e0482f,sao paulo,234.4,1
3d290f,itapevi,234.04,3
a4b8d9,sumare,233.38,1
dd8a29,sao paulo,233.25,2
4f0d63,taboao da serra,232.47,2
ccada0,pato bragado,231.96,3
e503f2,sao paulo,231.34,2
478bfe,pedro leopoldo,230.8,3
cd52a8,palhoca,230.54,3
fc6295,sao paulo,230.52,1
d8dd17,sao caetano do sul,229.9,2
8def3d,rio de janeiro,229.64,2
6f835f,curitiba,229.25,2
2cb470,curitiba,228.72,2
3fe712,governador valadares,228.26,2
2ea086,sao paulo,228.05,6
23ff42,itau de minas,227.67,2
f35bec,alvares machado,226.81,6
1d1bbb,indaial,226.47,4
f356c3,canoas,225.65,2
939f6e,bauru,225.62,3
f92d8c,sorocaba,225.61,5
1cbdc7,lambari,225.61,2
3fefda,curitiba,225.21,1
c747d5,pacatuba,224.75,1
8ca5b1,maua,224.68,3
651530,ipira,224.45,1
377bc1,sao jose dos pinhais,224.44,1
c32fc7,ribeirao preto,223.52,3
f5403d,fernandopolis,223.2,2
c5e60e,sao paulo,223.1,6
9e7c5f,sao paulo,222.88,2
4d9fea,sao paulo,222.74,2
747c1c,ibitinga,222.37,2
52f6f9,curitiba,222.13,1
e9874a,rolandia,222.1,1
b7e175,sao paulo,220.56,3
717b78,alambari,219.75,5
19e0f4,americana,219.62,4
5db42a,vitoria,219.33,1
dda370,sao paulo,219.27,1
3289d8,praia grande,219.27,1
9cea46,araucaria,219.23,4
f26d70,presidente getulio,219.06,1
c360e4,lencois paulista,218.95,1
ca7c6b,sao bernardo do campo,218.82,6
a3b0df,sao bernardo do capo,218.75,2
99a25c,sao paulo,218.7,1
dbc51f,franca,218.13,1
3a79f3,campinas,217.71,1
e1bed6,mogi guacu,217.0,1
213faf,sete lagoas,216.86,3
818d28,sao paulo,216.7,5
f30793,araxa,216.6,1
632723,sao paulo,216.23,2
61f159,serra,215.98,3
bdf0d0,birigui,215.95,5
039b29,ribeirao pires,215.55,9
bd4ff0,santa maria da serra,215.1,4
c04d70,niteroi,214.82,3
4450bd,cotia,214.56,1
5659d7,taubate,213.13,2
78ba59,mogi das cruzes,212.57,2
c353f8,porto alegre,212.57,2
19484c,valinhos,212.06,1
98dddb,sarandi,211.67,2
fedf2c,sao paulo,210.9,2
4a82c4,lagoa da prata,210.9,3
b906dd,parana,210.75,2
45c20d,cordeiropolis,210.57,4
8e3433,sao paulo,210.44,5
22c32e,maringa,210.01,4
6ba473,torres,209.88,3
4bcec4,santo andre,209.23,5
7d7866,sao paulo,207.38,5
b00af2,salvador,207.25,1
119c7f,sao paulo,206.82,2
0b64bc,canoas,205.81,4
069261,sao paulo,205.72,4
d9c349,sao paulo,205.65,1
43a1d4,maringa,205.4,1
bd0a1b,sao paulo,205.19,4
7adbd3,sao paulo,204.86,3
7cf4ea,sao paulo,204.81,1
2235cf,sao paulo,204.76,1
964ff6,sao paulo,204.06,1
698f5f,rio de janeiro,203.99,4
5a9b3b,salto,203.77,1
87f3e3,bom jesus dos perdoes,203.48,3
aae595,belo horizonte,202.9,2
686886,pedreira,202.62,1
bb3dca,sao paulo,201.7,2
d3e7d3,sao jose dos pinhais,201.34,1
0ade5c,curitiba,201.27,2
a4e634,osasco,201.18,2
5def4c,sao paulo,201.04,5
788136,bento goncalves,200.54,1
51a04a,braganca paulista,199.92,1
4dc2e8,itapui,199.84,1
c7c7b2,braganca paulista,199.68,2
88cd36,brusque,199.36,1
e1643d,sao paulo,199.31,3
9dd459,sao paulo,198.82,2
b9de03,sao paulo,198.69,1
880ce4,belo horizont,197.72,1
57df98,santa rita do sapucai,197.21,5
52a50b,monte alegre do sul,197.02,4
d2df77,arapongas,196.4,2
94165a,uberlandia,196.11,1
15ac3c,sao paulo,195.81,1
9c57bc,curitiba,195.43,1
fa5fdc,santo andre,194.85,1
6a53b9,curitiba,194.78,2
56f413,sorocaba,194.24,3
7c9130,garca,193.15,3
3ea08c,barbacena,192.94,1
533d46,itapetininga,192.62,2
4bde61,carazinho,192.46,2
ea846a,aracatuba,192.26,2
0e72c1,sao paulo,192.1,3
2a7c6c,maringa,192.04,3
657969,estancia velha,191.56,3
690215,sao paulo,191.43,2
044668,osasco,191.35,3
ec2e00,sao paulo,191.24,4
a9b533,rio de janeiro,191.06,4
dd9661,campos novos,190.98,1
fc5a0d,sao paulo,190.16,2
a154d7,sao paulo,190.13,2
26e13b,franca,189.68,4
8fbe2e,sorocaba,188.5,3
05ca86,barueri,188.42,1
4bc3d9,sao paulo,188.28,1
556662,sao jose dos pinhais,187.81,5
782f78,campinas,187.57,2
98e164,sao paulo,187.42,2
578fa3,fortaleza,187.2,3
ef728f,jau,186.82,3
c8143b,abadia de goias,185.88,1
83c8aa,francisco beltrao,185.87,2
44ed13,canoas,185.8,2
7178e1,tatui,184.71,1
2ec6e3,porto alegre,183.94,2
5bc237,uberlandia,183.89,2
0daf51,goiania,183.63,2
ff82e8,itabira,183.53,4
6e85dc,marapoama,182.59,1
695051,osasco,182.45,1
8e4f04,porto alegre,182.39,2
8cb7c5,anapolis,182.37,2
aa2640,sao paulo,182.34,1
08061d,osasco,182.22,4
e3e290,sao paulo,182.04,3
6601ee,ribeirao pretp,181.94,2
99cd94,sao paulo,181.32,2
f1ce5f,santana de parnaiba,180.53,2
ace601,sao paulo,179.92,1
5444b1,sao pauo,179.46,1
913fd0,blumenau,179.12,1
1927cd,marilia,178.92,1
e09887,sao paulo,178.66,3
fc38b5,campinas,178.01,5
f26629,ponta grossa,177.94,2
d26aa4,sao paulo,177.42,2
077c5f,sorocaba,177.24,4
96f7c7,cravinhos,176.97,1
897572,sao paulo,176.14,2
7a1888,sao paulo,175.86,1
553a44,limeira,175.14,2
dde698,petropolis,175.09,1
9bade6,sao jose dos pinhais,174.8,2
fa8d33,tres coroas,174.68,1
e9c2dc,joinville,174.61,3
ce3ad9,rio de janeiro,174.21,1
2039c5,guaira,173.68,1
4dab98,porto alegre,173.23,1
c26ba5,rio de janeiro,172.65,4
fc0b21,maua,172.04,1
fc9088,sao paulo,171.88,4
2f9b7c,barueri,171.85,2
0b3f27,aruja,171.39,2
373034,campinas,171.38,2
3903c7,carapicuiba,171.25,5
f049a7,sao paulo,170.99,3
44717f,santa rosa,170.91,2
344203,sao paulo,169.39,1
486720,jau,169.15,1
d8b8f2,formosa,169.01,1
f3041c,itauna,169.0,1
2d3463,sao paulo,168.63,1
0b0910,sao paulo,168.36,1
9523fb,sao paulo,168.29,1
bca923,sao paulo,168.2,5
50a7e5,sao caetano do sul,167.96,1
d38919,sao paulo,166.99,2
1e47d8,campinas,166.71,1
941554,sao paulo,166.35,3
57a834,santa rosa,166.05,1
7c4adc,sao goncalo,165.63,2
c398bc,rio de janeiro,165.5,2
49f8d2,sao bernardo do campo,165.26,1
c7bb64,joinville,165.16,4
dd39ad,sao paulo,164.85,2
9fe7c6,sao paulo,164.71,1
4ddeb3,sao paulo,164.45,1
fd312b,votorantim,164.32,2
47f557,dores de campos,163.4,2
391bbd,campinas,163.2,2
1b0b0f,sao paulo,163.17,2
59bbc8,campinas,162.75,2
19d62d,gaspar,162.59,1
3bb32f,porto belo,162.56,2
8cf214,sao jose,162.13,2
f664f9,sao paulo,161.8,2
461ff5,pinhais,161.43,3
398cb2,salvador,161.37,1
8eb88b,cacador,160.67,2
a89e14,limeira,159.68,2
e8ff5a,blumenau,158.97,1
ab9157,sao paulo,158.93,3
36f98a,toledo,158.62,2
3f8247,joinville,158.45,1
1fbe10,maua,158.11,2
e82de6,ibitinga,157.7,3
741f8c,santo andre,157.64,5
be1e9e,ribeirao preto,157.51,2
e00d85,osasco,157.3,1
4c4d54,maringa,157.09,2
062c32,sao paulo,157.08,2
40ec8a,francisco beltrao,157.0,2
59de1d,curitiba,156.75,1
712efd,curitiba,156.16,1
9558aa,apucarana,155.58,2
4a5b36,sao goncalo,155.26,1
bf0045,sao paulo,155.25,2
876182,sao paulo,155.0,3
26e2e5,sao paulo,154.78,1
96e5dc,bom jardim,154.44,2
aa1eb1,sao paulo,154.26,3
e5bd51,santo andre,153.04,3
f114dc,cambe,152.99,1
519a7a,rio do oeste,152.8,3
934ed5,curitiba,152.47,1
788f22,sao paulo,152.04,2
13dd30,santa barbara d'oeste,151.14,3
5f57db,viana,151.04,1
910a92,sao jose do rio preto,150.96,2
60ad15,carapicuiba,150.67,2
8c351e,praia grande,150.66,2
4c6087,atibaia,150.63,2
b41619,franca,150.14,2
0f80a4,lencois paulista,150.0,1
d4a5e9,sao paulo,149.75,2
296729,curitiba,149.61,2
739c7d,campina grande,149.3,2
e88165,ferraz de  vasconcelos,149.22,2
d8bf0f,sao paulo,149.04,1
570d45,sao paulo,148.92,2
2fa13c,sao paulo,148.7,2
c87abc,sao paulo,148.68,1
db6a4d,sao paulo,148.15,1
693660,santo andre,148.12,2
52454f,campinas,147.67,3
7c4402,sao caetano do sul,147.59,1
2f3d8b,sao jose,147.35,1
a90a5d,ponta grossa,147.3,3
2b5ed0,sao paulo,144.75,4
70126e,barueri,144.74,3
e73232,blumenau,144.47,1
dc120d,sao jose dos pinhais,144.44,1
c09229,paracambi,143.98,1
b6f52e,sao paulo,143.25,1
e5c842,fazenda rio grande,141.64,4
88af55,taboao da serra,141.52,1
e5def4,amparo,141.42,1
e9b6c3,sao paulo,141.39,1
c4b911,vera cruz,141.33,2
160851,garca,141.15,2
11d4c4,ribeirao preto,140.86,3
a69aa2,carapicuiba,140.29,3
e3e15e,sao paulo,139.74,3
bba8d0,goiania,139.53,1
003554,goiania,139.38,1
cb5ff1,maringa,139.03,4
d52cbc,garopaba,138.78,2
01266d,curitiba,137.48,3
f9a02f,ferraz de vasconcelos,137.39,1
00d8b1,belo horizonte,137.1,1
a353b1,cariacica,137.09,1
35281d,sao paulo,137.02,1
4be9ae,divinopolis,136.97,1
164a5a,guaira,136.76,1
9e17b9,ribeirao preto,136.67,2
781a66,campinas,136.3,1
d1aa1e,curitiba,136.04,1
630008,sao paulo,135.5,2
a150c5,sorocaba,135.49,1
07a9bc,sao paulo,135.49,1
623590,treze tilias,135.48,1
8dd386,paulo lopes,134.48,1
d8d956,sao paulo,134.31,4
623ad9,claudio,133.96,1
674207,sorocaba,133.84,1
9c3a1c,carmo da mata,133.8,1
0dfbed,porto ferreira,133.6,3
9bf11d,contagem,132.06,1
1cbcd2,curitiba,130.65,1
2c9005,cachoeiro de itapemirim,129.64,1
93bef6,sao paulo,129.56,1
43b2c8,brasilia,129.32,2
011b0e,pompeia,129.16,1
324583,sao jose do rio preto,127.99,2
28d162,ribeirao preto,127.2,1
bcf556,sao paulo,127.12,1
62de60,ibitinga,126.87,1
80cfd4,sao paulo,126.34,1
f43827,sao jose do rio preto,125.74,1
eaaa46,messias targino,125.64,1
be67f7,ibirite,125.64,1
7bb8fa,bauru,125.52,1
60da8b,fernando prestes,125.27,3
443d88,marilia,125.0,1
253c02,curitiba,124.33,2
b8d890,curitiba,124.29,2
ac1ed5,sao paulo,124.04,1
2aafae,porto alegre,123.87,2
5741dc,sao jose dos campos,123.75,3
db1f0f,pinhais,123.73,3
889009,lencois paulista,122.98,1
92992b,sao paulo,121.67,1
a4fc6e,sao caetano do sul,121.62,1
247587,sao jose do rio preto,121.51,1
05aebc,sao paulo,120.88,2
9d213f,ibitinga,120.81,2
4fae87,ronda alta,120.8,1
db7ed6,jaguariuna,120.78,1
4cc43a,ribeirao preto,120.76,1
a2b911,barra mansa,120.3,1
217f00,osasco,120.22,3
2cb98e,ribeirao preto,119.7,1
2d20f1,londrina,119.69,1
4fe2f6,maringa,118.84,2
271b89,praia grande,118.59,1
028872,ribeirao das neves,117.87,1
74a9b9,sao paulo,117.06,2
79b93a,rio de janeiro,116.04,1
17998c,belo horizonte,115.52,2
9b1050,montes claros,115.34,2
26562f,sao bernardo do campo,115.11,2
aa8af6,betim,114.57,1
aa17b3,jundiai,114.0,2
3d2400,sao bernardo do campo,113.9,1
6b2612,marialva,113.87,1
1c742a,belo horizonte,113.69,1
7a073a,londrina,112.78,1
918f6f,valinhos,112.58,2
376d67,sao paulo,111.91,1
7f0265,sao paulo,111.83,2
270572,maua,111.76,1
fa7ad8,pedreira,111.7,1
fc99f9,boituva,111.02,1
a7c53f,barretos,110.3,1
a5ff20,sao paulo,110.17,2
65c255,sao paulo,110.08,2
00ab3e,sao paulo,110.08,1
7a704e,francisco beltrao,109.9,1
154bdf,ibitinga,109.72,1
22a23e,belo horizonte,109.42,1
166e8f,imbituba,109.0,2
6d0412,rio de janeiro,108.86,1
e4253c,sao paulo,108.73,2
d7d517,sao paulo,108.72,1
a72f15,marilia,108.63,1
dd2641,cascavel,108.6,1
cac4e0,brusque,108.02,2
eb4a59,salvador,108.0,2
2bdb95,sao paulo,107.9,1
5de1c8,florianopolis,107.75,2
d598f9,formosa,107.3,1
c85d7b,sao bernardo do campo,107.22,1
6624bc,belo horizonte,107.01,1
a56a80,joinville,106.73,1
530569,penapolis,106.55,1
e4f121,sao jose do rio preto,106.46,2
f8f35a,campanha,106.39,1
b86a47,passos,106.35,1
499185,porto alegre,106.33,1
83d458,vila velha,105.74,1
dedcab,jaragua do sul,105.64,2
29c322,santa maria,105.57,1
20fd2d,colombo,105.47,1
466222,rio de janeiro,105.45,1
bbf4a8,curitiba,105.34,1
4aba6a,canoinhas,105.28,1
1fddcb,sao paulo,105.22,1
6187a1,osasco,105.02,2
a7b735,sao paulo,104.87,2
b5dd71,ribeirao preto,103.7,1
558713,sao paulo,103.49,2
da2782,sao paulo,103.37,1
f30554,salvador,103.29,1
5a32c3,rio de janeiro,102.97,2
0f519b,ibitinga,102.9,1
15b3b1,bauru,102.89,2
a1bea9,pinhais,102.48,1
48e5ee,oliveira,102.3,1
f09e26,pirassununga,102.09,1
b452cb,sorocaba,101.99,2
c2bda9,sao paulo,101.68,2
83f2b4,ribeirao preto,101.38,3
3febca,itaquaquecetuba,100.9,2
42d4b7,goiania,100.78,1
c6381b,sao paulo,100.01,2
43a5d4,varginha,99.83,1
a7d0f8,sao paulo,99.67,2
dadc51,sao paulo,99.34,1
42fb44,pinhalzinho,99.14,3
cd233f,birigui,98.56,1
8fb67a,toledo,98.42,1
52b53f,itajai,98.37,1
dcb736,osvaldo cruz,98.34,1
c542f5,sao paulo,98.31,1
97e50a,sao paulo,97.78,1
ca5832,xanxere,97.71,1
ba8e85,santa catarina,97.66,1
1d0646,joinville,97.62,2
1a8e2d,araquari,97.0,1
b3809b,sao paulo,96.88,1
9fbd56,sao paulo,96.71,1
6dd7dc,palhoca,96.33,1
c8771b,tocantins,96.1,1
c0f3ee,sao paulo,95.65,1
b3e2fa,ribeirao preto,95.24,3
8f0fbe,sao paulo,94.76,2
9591fc,sao paulo,94.21,1
497709,diadema,94.04,1
02a227,rio de janeiro,93.85,2
bbd3ac,santo andre,93.55,2
fe9d9c,barbacena/ minas gerais,93.54,1
c8665a,pitangueiras,93.53,1
babcc0,porto ferreira,93.13,1
5cf1ec,sao paulo,93.1,3
f5b846,sao paulo,92.97,1
8b1111,igaracu do tiete,91.16,1
455f46,sorocaba,90.98,2
5a4236,sao paulo,90.66,1
cf281c,eusebio,90.23,1
24a6da,robeirao preto,90.08,2
723a46,"novo hamburgo, rio grande do sul, brasil",90.04,1
e9e446,sao paulo,89.61,4
f90f77,londrina,89.46,1
a45765,sao paulo,88.92,1
b5b800,sao paulo,88.81,1
76623f,guarulhos,88.74,3
9b1f65,santos,88.68,2
392f7f,rio de janeiro,88.56,2
204b4e,borda da mata,88.13,1
61b893,divisa nova,88.09,1
b6c685,sao paulo,87.82,1
85e7c6,itapema,87.7,2
d4d99b,sao paulo,87.29,1
f0ec6a,sao paulo,86.78,1
400352,rio de janeiro,86.74,1
0a198e,contagem,86.67,1
20d53a,santa rita do sapucai,86.44,2
3da383,fortaleza,86.43,1
f0ec78,sao paulo,86.26,2
4e9234,cachoeirinha,85.49,1
b5d034,itapecerica da serra,85.27,1
3e51f9,sao paulo,84.78,1
3e35a8,sao paulo,84.68,1
a3fa18,saÌo paulo,84.26,1
edb65f,sao paulo,84.24,1
d58d52,sao paulo,84.2,2
eaf6d5,sao paulo,84.01,3
d7ab82,atibaia,83.97,2
c13fb4,sao paulo,83.52,2
be7a09,toledo,83.26,1
447d37,carazinho,83.01,1
7963e5,sao paulo,82.22,1
6ebf4e,rio de janeiro,82.03,1
dd5450,joinville,81.34,1
ad738d,novo hamburgo,80.89,1
26f6b7,rio de janeiro,80.75,2
a2a41a,sao paulo,79.73,2
9ef932,ibitinga,79.56,1
ffcfef,curitiba,79.52,1
ac9b01,mogi das cruzes,79.44,1
d9b00a,ponta grossa,79.08,1
2eeb65,sao jose dos campos,78.7,3
fa18c7,belo horizonte,78.64,1
67e43d,guarulhos,78.36,2
1d9530,belo horizonte,78.32,1
52831e,tupa,78.12,1
84c945,sao paulo,78.04,2
f3511c,curitiba,78.01,1
f7c316,ibitinga,77.75,1
86649b,medianeira,77.66,1
56a8b4,sao bernardo do campo,77.65,1
7c4621,campinas,77.64,1
3a3c18,uniao da vitoria,77.38,1
c1d1eb,sao paulo,77.17,3
80146b,taboao da serra,76.78,1
6a3139,sao sebastiao da grama/sp,76.64,1
e1a210,cascavel,76.51,1
cecd97,cordilheira alta,76.5,1
c161d1,sao paulo,76.33,3
7315ba,sao carlos,76.22,2
75fdd0,maua,76.08,1
528ce3,sao roque,75.1,2
07e8e8,sao paulo,74.86,2
0af2ab,sao paulo,74.51,1
c240c4,rio de janeiro,73.89,1
9996ae,tupa,73.37,2
d180e0,belo horizonte,72.96,1
9e94fa,sao carlos,72.74,1
c72467,fortaleza,72.52,1
9140ef,maringa,72.18,1
66d5ae,sao jose do rio preto,72.18,1
fe19dc,uberaba,71.72,1
2f1e7b,blumenau,71.66,1
258447,cianorte,71.45,1
1d139e,barrinha,71.18,2
0ee4fb,santana de parnaiba,70.93,1
7b3447,sao paulo,70.65,1
b77a27,duque de caxias,70.42,2
cad996,pocos de caldas,70.18,2
0936e1,sao paulo,70.02,1
9ac755,sao paulo,69.67,1
3e46a3,sorocaba,69.01,1
c1552b,sao jose dos campos,68.69,2
720e6c,mogi das cruzes / sp,68.55,1
541533,belo horizonte,68.35,1
2c2c98,santa maria,68.35,1
c963a2,angra dos reis rj,68.32,1
c200c7,almirante tamandare,68.2,1
2078fe,arapongas,68.04,1
ebe3da,ribeirao preto,66.89,1
5aaa89,petropolis,66.82,1
637040,jundiai,66.69,1
43753b,barro alto,66.28,1
2e2f44,curitiba,65.93,1
ed49da,sao paulo,65.83,2
1b61fb,maringa,65.81,1
a1ed30,sao paulo,65.5,1
3338e7,piracicaba,65.43,1
deaadd,sao paulo,65.11,1
d1a1b4,pato branco,64.22,1
e04877,sao paulo,64.12,2
8629a7,goiania,64.11,1
2ef086,jaragua do sul,64.1,1
539ed9,belo horizonte,63.92,2
ce33c6,suzano,63.52,1
51e055,belo horizonte,63.4,1
d85efb,sao paulo,63.29,1
70c0fd,caruaru,63.08,1
6c9875,brotas,63.05,2
7494d0,santos,62.97,1
0b1ca3,sao roque,62.87,1
513a54,sao bernardo do campo,62.66,2
3ded4e,pouso alegre,62.38,1
d4828f,juzeiro do norte,62.11,1
d297f1,nova odessa,61.94,1
749e7c,guarulhos,61.74,1
417a1e,imigrante,61.38,1
4125d9,santos,61.3,1
d4f91e,guaratingueta,61.16,1
16bdc8,sp,61.08,1
9315e4,londrina,60.4,1
7caa63,sao paulo,60.33,2
cad10c,avare,60.19,1
ae9690,sao paulo,59.81,1
05a48c,sao paulo,59.39,1
6bcb23,maringa,59.38,2
9c3514,sao paulo,59.11,1
ac137b,sao paulo,58.94,1
4d8809,embu das artes,58.72,1
edb58a,piracicaba,58.28,1
84deb8,curitiba,58.14,2
535bf1,rio de janeiro,57.77,1
da3fed,mogi das cruzes,57.69,1
2c00c8,belo horizonte,57.51,1
e5545d,marilia,57.47,1
1f7dfa,sao paulo,57.29,1
e59580,navegantes,57.23,1
d63f30,sao paulo,56.6,1
2d8cfb,osasco,55.96,1
df683d,farroupilha,55.95,1
a213f1,maringa,55.95,1
c74f14,sao miguel do oeste,55.79,1
baf151,sao paulo,55.72,1
e72b4f,sao paulo,55.64,1
8b181e,goioere,54.98,1
3d62f8,jacarei,54.42,2
ab75b8,tupa,53.83,2
70ee69,mogi das cruzes,53.72,1
bee36b,sao paulo,53.48,2
1f2eeb,sao paulo,53.47,1
3a52d6,aguas claras df,52.78,1
bb7ad8,floranopolis,52.62,2
2c5405,curitiba,52.27,2
50c361,sao paulo,51.6,1
e116c7,sao paulo,51.54,1
9200e6,rio de janeiro,51.42,1
f9f68d,sumare,51.36,2
9f56a7,rio de janeiro,51.02,2
fedaed,niteroi,50.86,1
999f6d,sao paulo,50.83,2
c716e0,rio de janeiro,50.23,1
baeda7,americana,50.1,1
e0b162,pelotas,49.69,1
6561d6,franco da rocha,49.45,1
cb162c,barueri,49.12,1
87b442,guaimbe,48.98,1
3aa3c8,goiania,48.94,1
389e45,sao jose dos campos,47.43,1
033618,ibitinga,47.37,1
72c73b,sao paulo,47.32,1
d7f1cf,belford roxo,47.14,1
28a26e,belo horizonte,47.04,1
a09a13,sapiranga,46.01,1
5206cc,osasco,45.96,1
32f83f,uruguaiana,45.09,1
c43d92,rio de janeiro,45.01,1
fdf736,pocos de caldas,44.51,1
436bf2,campinas,44.42,1
c9d2ba,uberlandia,43.31,1
e6ffc9,sao paulo,43.28,1
33fd41,condor,43.13,1
b02664,rio de janeiro,43.0,1
7b3f6c,tambau,42.49,1
bd43e1,sao bento do sul,42.19,1
455bef,resende,42.05,1
41958c,sao paulo,40.38,1
3986c0,curitiba,40.27,1
7cb946,sete lagoas,40.1,1
1992f8,sao paulo,40.02,1
7d81e7,sao paulo,39.99,1
15aec0,rio de janeiro,39.86,1
bcd2d7,curitiba,39.46,1
1c8341,sao paulo,39.42,1
1a6245,sao bernardo do campo,39.34,1
544863,serra,39.17,1
f09b76,catanduva,39.09,1
bd65d1,sao paulo,38.48,1
a61cc0,jarinu,38.37,1
139157,sao paulo,37.68,1
c0e0b7,laurentino,37.56,1
9d69ba,ribeirao preto,37.54,1
bf0d50,piracicaba,37.16,1
829219,sao paulo,37.13,1
34675b,cascavael,37.09,1
38f276,marilia,36.84,1
98f52e,macae,36.7,1
c97aa4,novo hamburgo,36.56,1
3820c6,cotia,35.96,1
b2f4d6,armacao dos buzios,35.74,1
698624,sao paulo,35.13,1
c12d74,sao paulo,34.62,1
f1fdf2,sao paulo,34.59,1
bac44f,sao paulo,34.42,1
e76ecc,belo horizonte,34.1,1
63bc58,sao paulo,34.01,1
d93b84,sao paulo,34.0,1
e174dc,santo andre,33.9,1
804287,maringa,33.9,1
0bb272,sao paulo,33.16,1
afac9f,bauru,32.84,1
13e85a,pedreira,31.92,1
58b98c,campinas,31.91,1
fb503a,pelotas,31.82,1
ce4755,ribeirao preto,31.69,1
6c77cd,marilia,31.69,1
eb1bf3,diadema,31.18,1
0b46f7,belo horizonte,30.86,1
bc8c8d,sao paulo,30.82,1
8501d8,blumenau,30.66,1
5e063e,sao paulo,30.32,1
c3e239,sao paulo,30.13,1
20f0ae,santa barbara d'oeste,29.42,1
f3862c,ribeirao preto,28.29,1
e64ddb,sao paulo,28.29,1
95cca7,palotina,28.22,1
668bf3,pinhais,28.01,1
344223,gaspar,27.69,1
0f9458,florianopolis,27.59,1
9e2519,taubate,27.02,1
eae9af,sao paulo,27.01,1
661481,macatuba,25.69,1
6576fd,taboao da serra,25.46,1
5b92bf,sorocaba,24.96,1
c18309,rio de janeiro,24.0,1
7ab0dd,sao jose do rio preto,23.46,1
34aefe,curitiba,22.52,1
b5f071,sao paulo,21.28,1
cc1f04,sao paulo,20.19,1
c1dde1,sao paulo,19.89,1
3ac588,limeira,19.29,1
ad1461,tubarao,19.21,1
702835,juiz de fora,18.56,1
4965a7,sorocaba,16.36,1
1fa2d3,sao paulo,15.9,1
77128d,sao paulo,15.22,1
cf6f6b,sao paulo,12.22,1
